|f,f,f,f,f,f,f,f,f,f,f,f,f,f,f,f,f,f,f,f,f,f,f,f,f,f,f,f,f,f,f,f,f,f,f,f,f,f,f,f,f,f,f,f,f,f,f,f,f,f,f,f,f,f,f,f,f,f,f,f,f,f,f,f,f,f,f,f,f,f,f,f,f,f,f,f,f,f,f,f,f,f,f,f,f,f,f,f,f,f,f,f,f,f,f,f,f,f,f,f
f,f,f,f,f,f,f,f,f,f,f,f,f,f,f,f,f,f,f,f,f,f,f,f,f,f,f,f,f,f,f,f,f,f,f,f,f,f,f,f,f,f,f,f,f,f,f,f,f,f,f,f,f,f,f,f,f,f,f,f,f,f,f,f,f,f,f,f,f,f,f,f,f,f,f,f,f,f,f,f,f,f,f,f,f,f,f,f,f,f,f,f,f,f,f,f,f,f,f,f
f,f,f,f,f,f,f,f,f,f,f,f,f,f,f,f,f,f,f,f,f,f,f,f,f,f,f,f,f,f,f,f,f,f,f,f,f,f,f,f,f,f,f,f,f,f,f,f,f,f,f,f,f,f,f,f,f,f,f,f,f,f,f,f,f,f,f,f,f,f,f,f,f,f,f,f,f,f,f,f,f,f,f,f,f,f,f,f,f,f,f,f,f,f,f,f,f,f,f,f
f,f,f,f,f,f,f,f,f,f,f,f,f,f,f,f,f,f,f,f,f,f,f,w,w,w,w,w,w,w,w,w,w,w,w,w,w,w,w,w,w,w,w,w,w,w,w,f,f,f,f,f,f,f,f,f,f,f,f,f,f,f,f,f,f,f,f,f,f,f,f,f,f,f,f,f,f,f,f,f,f,f,f,f,f,f,f,f,f,f,f,f,f,f,f,f,f,f,f,f
f,f,f,f,f,f,f,f,f,f,f,f,f,f,f,f,f,f,f,f,f,f,f,w,f,f,f,f,f,f,f,f,f,f,f,f,f,f,f,f,f,f,f,f,f,f,w,f,f,f,f,f,f,f,f,f,f,f,f,f,f,f,f,f,f,f,f,f,f,f,f,f,f,f,f,f,f,f,f,f,f,f,f,f,f,f,f,f,f,f,f,f,f,f,f,f,f,f,f,f
f,f,f,f,f,f,f,f,f,f,f,f,f,f,f,f,f,f,f,f,f,f,f,w,f,f,f,f,f,f,f,f,f,f,f,f,f,f,f,f,f,f,f,f,f,f,w,f,f,f,f,f,f,f,f,f,f,f,f,f,f,f,f,f,f,f,f,f,f,f,f,f,f,f,f,f,f,f,f,f,f,f,f,f,f,f,f,f,f,f,f,f,f,f,f,f,f,f,f,f
f,f,f,f,f,f,f,f,f,f,f,f,f,f,f,f,f,f,f,f,f,f,f,w,f,f,w,w,w,w,w,w,w,w,w,w,w,w,w,w,w,w,w,w,f,f,w,f,f,f,f,f,f,f,f,f,f,f,f,f,f,f,f,f,f,f,f,f,f,f,f,f,f,f,f,f,f,f,f,f,f,f,f,f,f,f,f,f,f,f,f,f,f,f,f,f,f,f,f,f
f,f,f,f,f,f,f,f,f,f,f,f,f,f,f,f,f,f,f,f,f,f,f,w,f,f,w,f,f,f,f,f,f,f,f,f,f,f,f,f,f,f,f,w,f,f,w,f,f,f,f,f,f,f,f,f,f,f,f,f,f,f,f,f,f,f,f,f,f,f,f,f,f,f,f,f,f,f,f,f,f,f,f,f,f,f,f,f,f,f,f,f,f,f,f,f,f,f,f,f
f,f,f,f,f,f,f,f,f,f,f,f,f,f,f,f,f,f,f,f,f,f,f,w,f,w,w,f,f,f,f,f,f,f,f,f,f,f,f,f,f,f,f,w,f,f,w,f,f,f,f,f,f,f,f,f,f,f,f,f,f,f,f,f,f,f,f,f,f,f,f,f,f,f,f,f,f,f,f,f,f,f,f,f,f,f,f,f,f,f,f,f,f,f,f,f,f,f,f,f
f,f,f,f,f,f,f,f,f,f,f,f,f,f,f,f,f,f,f,f,f,f,f,w,f:d>n^door10,w,w,f,f,f,f,f,f,f,f,f,f,f,f,f,f,f,f,w,f,f,w,f,f,f,f,f,f,f,f,f,f,f,f,f,f,f,f,f,f,f,f,f,f,f,f,f,f,f,f,f,f,f,f,f,f,f,f,f,f,f,f,f,f,f,f,f,f,f,f,f,f,f,f,f
w,w,w,w,w,w,w,w,w,w,f,f,f,f,f,f,f,f,f,f,w,w,w,w,f,f,w,w,w,w,f,f,f,f,f,f,f,f,f,f,w,w,w,w,f,f,w,w,w,w,f,f,f,f,f,f,f,f,f,f,f,f,f,f,f,f,f,f,f,f,f,f,f,f,f,f,f,f,f,f,f,f,f,f,f,f,f,f,f,f,f,f,f,f,f,f,f,f,f,f
w,f,f,f,f,f,f,f,f,w,f,f,f,f,f,f,f,f,f,f,w,f,f,f,f,f,f,f,f,w,f,f,f,f,f,f,f,f,f,f,w,f,f,f,f,f,f,f,f,w,f,f,f,f,f,f,f,f,f,f,f,f,f,f,f,f,f,f,f,f,f,f,f,f,f,f,f,f,f,f,f,f,f,f,f,f,f,f,f,f,f,f,f,f,f,f,f,f,f,f
w,f,f,f,f,f,f,f,f,w,f,f,f,f,f,f,f,f,f,f,w,f,f,f,f,f,f,f,f,w,f,f,f,f,f,f,f,f,f,f,w,f,f,f,f,f,f,f,f,w,f,f,f,f,f,f,f,f,f,f,f,f,f,f,f,f,f,f,f,f,f,f,f,f,f,f,f,f,f,f,f,f,f,f,f,f,f,f,f,f,f,f,f,f,f,f,f,f,f,f
w,f,f,f,f,f,f,f,f,w,w,w,w,w,w,w,w,w,w,w,w,f,f,f,f,f,f,f,f,w,f,f,f,w,w,w,w,w,w,w,w,f,f,f,f,f,f,f,f,w,f,f,f,f,f,f,f,f,f,f,f,f,f,f,f,f,f,f,f,f,f,f,f,f,f,f,f,f,f,f,f,f,f,f,f,f,f,f,f,f,f,f,f,f,f,f,f,f,f,f
w,f,f,f,w,w,f,f,f,f,f:d>w^door14,f,f,f,f,f,f,f,f,f,f,f,f,f,f,f,f,f,f,w,f,f,f,w,f,f,f,f,f,f,f,f,f,f,f,f,f,f,f,w,f,f,f,f,f,f,f,f,f,f,f,f,f,f,f,f,f,f,f,f,f,f,f,f,f,f,f,f,f,f,f,f,f,f,f,f,f,f,f,f,f,f,f,f,f,f,f,f,f,f
w,f,f,w,w,w,w,f,f,f,w,w,f,f,f,f,f,f,f,f,f,f,f,f,f,f,f,f,f,w,f,f,f,w,f,f,f,f,f,f,f,f,f,f,f,f,f,f,f,w,f,f,f,f,f,f,f,f,f,f,f,f,f,f,f,f,f,f,f,f,f,f,f,f,f,f,f,f,f,f,f,f,f,f,f,f,f,f,f,f,f,f,f,f,f,f,f,f,f,f
w,f,f,f,f,w,f,f,f,w,w,w,w,w,w,w,w,w,w,w,w,f,f,f,f,f,f,f,f,w,f,f,f,w,f,f,w,w,w,w,w,f,f,f,f,f,f,f,f,w,f,f,f,f,f,f,f,f,f,f,f,f,f,f,f,f,f,f,f,f,f,f,f,f,f,f,f,f,f,f,f,f,f,f,f,f,f,f,f,f,f,f,f,f,f,f,f,f,f,f
w,f,f,f,f,f,f,f,f,w,f,f,f,f,f,f,f,f,f,f,w,f,f,f,f,f,f,f,f,w,f,f,f,w,f,f,w,f,f,f,w,f,f,f,f,f,f,f,f,w,f,f,f,f,f,f,f,f,f,f,f,f,f,f,f,f,f,f,f,f,f,f,f,f,f,f,f,f,f,f,f,f,f,f,f,f,f,f,f,f,f,f,f,f,f,f,f,f,f,f
w,f,f,f,f,f,f,f,f,w,f,f,f,f,f,f,f,f,f,f,w,f,f,f,f,f,f,f,f,w,f,f,f,w,f,w,w,f,f,f,w,f,f,f,f,f,f,f,f,w,f,f,f,f,f,f,f,f,f,f,f,f,f,f,f,f,f,f,f,f,f,f,f,f,f,f,f,f,f,f,f,f,f,f,f,f,f,f,f,f,f,f,f,f,f,f,f,f,f,f
w,w,w,w,w,w,w,w,w,w,f,f,f,f,f,f,f,f,f,f,w,w,w,w,w,w,w,w,w,w,f,f,f,w,f:d>n^door9,w,w,f,f,f,w,w,w,w,w,w,w,w,w,w,f,f,f,f,f,f,f,f,f,f,f,f,f,f,f,f,f,f,f,f,f,f,f,f,f,f,f,f,f,f,f,f,f,f,f,f,f,f,f,f,f,f,f,f,f,f,f,f,f,f
f,f,f,f,f,f,f,f,f,f,f,f,f,f,f,f,f,f,f,f,f,f,f,f,f,f,f,f,f,f,f,f,f,w,f,f,w,f,f,f,f,f,f,f,f,f,f,f,f,f,f,f,f,f,f,f,f,f,f,f,f,f,f,f,f,f,f,f,f,f,f,f,f,f,f,f,f,f,f,f,f,f,f,f,f,f,f,f,f,f,f,f,f,f,f,f,f,f,f,f
f,f,f,f,f,f,f,f,f,f,f,f,f,f,f,f,f,f,f,f,f,f,f,f,f,f,f,f,f,f,f,f,f,w,f,f,w,f,f,f,f,f,f,f,f,f,f,f,f,f,f,f,f,f,f,f,f,f,f,f,f,f,f,f,f,f,f,f,f,f,f,f,f,f,f,f,f,f,f,f,f,f,f,f,f,f,f,f,f,f,f,f,f,f,f,f,f,f,f,f
f,f,f,f,f,f,f,f,f,f,f,f,f,f,f,f,f,f,f,f,f,f,f,f,f,f,f,f,f,f,f,f,f,w,f,f,w,f,f,f,f,f,f,f,f,f,f,f,f,f,f,f,f,f,f,f,f,f,f,f,f,f,f,f,f,f,f,f,f,f,f,f,f,f,f,f,f,f,f,f,f,f,f,f,f,f,f,f,f,f,f,f,f,f,f,f,f,f,f,f
f,f,f,f,f,f,f,f,f,f,f,f,f,f,f,f,f,f,f,f,f,f,f,f,f,f,f,f,f,f,f,f,f,w,f,f,w,f,f,f,f,f,f,w,w,w,w,w,w,w,w,w,w,w,w,w,w,w,w,w,w,w,w,w,w,w,w,f,f,f,f,f,f,f,f,f,f,f,f,f,f,f,f,f,f,f,f,f,f,f,f,f,f,f,f,f,f,f,f,f
f,f,f,f,f,f,f,f,f,f,f,f,f,f,f,f,f,f,f,f,f,f,f,f,f,f,f,f,f,f,f,f,f,w,f,f,w,f,f,f,f,f,f,w,f,f,f,f,f,f,f,f,f,f,f,f,f,f,f,f,f,f,f,f,f,f,w,f,f,f,f,f,f,f,f,f,f,f,f,f,f,f,f,f,f,f,f,f,f,f,f,f,f,f,f,f,f,f,f,f
f,f,f,f,f,f,f,f,f,f,f,f,f,f,f,f,f,f,f,f,f,f,f,f,f,f,f,f,f,f,f,f,f,w,f,f,w,f,f,f,f,f,f,w,f,f,f,f,f,f,f,f,f,f,f,f,f,f,f,f,f,f,f,f,f,f,w,f,f,f,f,f,f,f,f,f,f,f,f,f,f,f,f,f,f,f,f,f,f,f,f,f,f,f,f,f,f,f,f,f
f,f,f,f,f,f,f,f,f,f,f,f,f,f,f,f,f,f,f,f,f,f,f,f,f,f,f,f,f,f,f,f,f,w,f,f,w,f,f,f,f,f,f,w,f,f,w,w,w,w,w,w,w,w,w,w,w,w,w,w,w,w,w,w,f,f,w,f,f,f,f,f,f,f,f,f,f,f,f,f,f,f,f,f,f,f,f,f,f,f,f,f,f,f,f,f,f,f,f,f
f,f,f,f,f,f,f,f,f,f,f,f,f,f,f,f,f,f,f,f,f,f,f,f,f,f,f,f,f,f,f,f,f,w,f,f,w,f,f,f,f,f,f,w,f,f,w,f,f,f,f,f,f,f,f,f,f,f,f,f,f,f,f,w,f,f,w,f,f,f,f,f,f,f,f,f,f,f,f,f,f,f,f,f,f,f,f,f,f,f,f,f,f,f,f,f,f,f,f,f
f,f,f,f,f,f,f,f,f,f,f,f,f,f,f,f,f,f,f,f,f,f,f,f,f,f,f,f,f,f,f,f,f,w,f,f,w,f,f,f,f,f,f,w,f,w,w,f,f,f,f,f,f,f,f,f,f,f,f,f,f,f,f,w,f,f,w,f,f,f,f,f,f,f,f,f,f,f,f,f,f,f,f,f,f,f,f,f,f,f,f,f,f,f,f,f,f,f,f,f
f,f,f,f,f,f,f,f,f,f,f,f,f,f,f,f,f,f,f,f,f,f,f,f,f,f,f,f,f,f,f,f,f,w,f,f,w,f,f,f,f,f,f,w,f:d>n^door8,w,w,f,f,f,f,f,f,f,f,f,f,f,f,f,f,f,f,w,f,f,w,f,f,f,f,f,f,f,f,f,f,f,f,f,f,f,f,f,f,f,f,f,f,f,f,f,f,f,f,f,f,f,f,f
f,f,f,f,f,f,f,f,f,f,f,f,f,f,f,f,f,f,f,f,f,f,f,f,f,f,f,f,f,f,f,f,f,w,f,f,w,f,f,f,w,w,w,w,f,f,w,w,w,w,f,f,f,f,f,f,f,f,f,f,w,w,w,w,f,f,w,w,w,w,f,f,f,f,f,f,f,f,f,f,f,f,f,f,f,f,f,f,f,f,f,f,f,f,f,f,f,f,f,f
f,f,f,f,f,f,f,f,f,f,f,f,f,f,f,f,f,f,f,f,f,f,f,f,f,f,f,f,f,f,f,f,f,w,f,f,w,f,f,f,w,f,f,f,f,f,f,f,f,w,f,f,f,f,f,f,f,f,f,f,w,f,f,f,f,f,f,f,f,w,f,f,f,f,f,f,f,f,f,f,f,f,f,f,f,f,f,f,f,f,f,f,f,f,f,f,f,f,f,f
f,f,f,f,f,f,f,f,f,f,f,f,f,f,f,f,f,f,f,f,f,f,f,f,f,f,f,f,f,f,f,f,f,w,f,f,w,f,f,f,w,f,f,f,f,f,f,f,f,w,f,f,f,f,f,f,f,f,f,f,w,f,f,f,f,f,f,f,f,w,f,f,f,f,f,f,f,f,f,f,f,f,f,f,f,f,f,f,f,f,f,f,f,f,f,f,f,f,f,f
f,f,f,f,f,f,f,f,f,f,f,f,f,f,f,f,f,f,f,f,f,f,f,f,f,f,f,f,f,f,f,f,f,w,f,f,w,w,w,w,w,f,f,f,f,f,f,f,f,w,f,f,f,w,w,w,w,w,w,w,w,f,f,f,f,f,f,f,f,w,f,f,f,f,f,f,f,f,f,f,f,f,f,f,f,f,f,f,f,f,f,f,f,f,f,f,f,f,f,f
f,f,f,f,f,f,f,f,f,f,f,f,f,f,f,f,f,f,f,f,f,f,f,f,f,f,f,f,f,f,f,f,f,w,f,f,f,f,f,f,f,f,f,f,f,f,f,f,f,w,f,f,f,w,f,f,f,f,f,f,f,f,f,f,f,f,f,f,f,w,f,f,f,f,f,f,f,f,f,f,f,f,f,f,f,f,f,f,f,f,f,f,f,f,f,f,f,f,f,f
f,f,f,f,f,f,f,f,f,f,f,f,f,f,f,f,f,f,f,f,f,f,f,f,f,f,f,f,f,f,f,f,f,w,f,f,f,f,f,f,f,f,f,f,f,f,f,f,f,w,f,f,f,w,f,f,f,f,f,f,f,f,f,f,f,f,f,f,f,w,f,f,f,f,f,f,f,f,f,f,f,f,f,f,f,f,f,f,f,f,f,f,f,f,f,f,f,f,f,f
f,f,f,f,f,f,f,f,f,f,f,f,f,f,f,f,f,f,f,f,f,f,f,f,f,f,f,f,f,f,f,f,f,w,w,w,w,w,w,w,w,f,f,f,f,f,f,f,f,w,f,f,f,w,f,f,w,w,w,w,w,f,f,f,f,f,f,f,f,w,f,f,f,f,f,f,f,f,f,f,f,f,f,f,f,f,f,f,f,f,f,f,f,f,f,f,f,f,f,f
f,f,f,f,f,f,f,f,f,f,f,f,f,f,f,f,f,f,f,f,f,f,f,f,f,f,f,f,f,f,f,f,f,f,f,f,f,f,f,f,w,f,f,f,f,f,f,f,f,w,f,f,f,w,f,f,w,f,f,f,w,f,f,f,f,f,f,f,f,w,f,f,f,f,f,f,f,f,f,f,f,f,f,f,f,f,f,f,f,f,f,f,f,f,f,f,f,f,f,f
f,f,f,f,f,f,f,f,f,f,f,f,f,f,f,f,f,f,f,f,f,f,f,f,f,f,f,f,f,f,f,f,f,f,f,f,f,f,f,f,w,f,f,f,f,f,f,f,f,w,f,f,f,w,f,f,w,f,f,f,w,f,f,f,f,f,f,f,f,w,f,f,f,f,f,f,f,f,f,f,f,f,f,f,f,f,f,f,f,f,f,f,f,f,f,f,f,f,f,f
f,f,f,f,f,f,f,f,f,f,f,f,f,f,f,f,f,f,f,f,f,f,f,f,f,f,f,f,f,f,f,f,f,f,f,f,f,f,f,f,w,w,w,w,w,w,w,w,w,w,f,f,f,w,f,f,w,f,f,f,w,w,w,w,f,f,w,w,w,w,f,f,f,f,f,f,f,f,f,f,f,f,f,f,f,f,f,f,f,f,f,f,f,f,f,f,f,f,f,f
f,f,f,f,f,f,f,f,f,f,f,f,f,f,f,f,f,f,f,f,f,f,f,f,f,f,f,f,f,f,f,f,f,f,f,f,f,f,f,f,f,f,f,f,f,f,f,f,f,f,f,f,f,w,f,f,w,f,f,f,f,f,f,w,f,f,w,f,f,f,f,f,f,f,f,f,f,f,f,f,f,f,f,f,f,f,f,f,f,f,f,f,f,f,f,f,f,f,f,f
f,f,f,f,f,f,f,f,f,f,f,f,f,f,f,f,f,f,f,f,f,f,f,f,f,f,f,f,f,f,f,f,f,f,f,f,f,f,f,f,f,f,f,f,f,f,f,f,f,f,f,f,f,w,f,f,w,f,f,f,f,f,f,w,f,f,w,f,f,f,f,f,f,f,f,f,f,f,f,f,f,f,f,f,f,f,f,f,f,f,f,f,f,f,f,f,f,f,f,f
f,f,f,f,f,f,f,f,f,f,f,f,f,f,f,f,f,f,f,f,f,f,f,f,f,f,f,f,f,f,f,f,f,f,f,f,f,f,f,f,f,f,f,f,f,f,f,f,f,f,f,f,f,w,f,f,w,f,f,f,f,f,f,w,f,f,w,f,f,f,f,f,f,f,f,f,f,f,f,f,f,f,f,f,f,f,f,f,f,f,f,f,f,f,f,f,f,f,f,f
f,f,f,f,f,f,f,f,f,f,f,f,f,f,f,f,f,f,f,f,f,f,f,f,f,f,f,f,f,f,f,f,f,f,f,f,f,f,f,f,f,f,f,f,f,f,f,f,f,f,f,f,f,w,f,f,w,f,f,f,f,f,f,w,f,f,w,f,f,f,f,f,f,f,f,f,f,f,f,f,f,f,f,f,f,f,f,f,f,f,f,f,f,f,f,f,f,f,f,f
f,f,f,f,f,f,f,f,f,f,f,f,f,f,f,f,f,f,f,f,f,f,f,f,f,f,f,f,f,f,f,f,f,f,f,f,f,f,f,f,f,f,f,f,f,f,f,f,f,f,f,f,f,w,f,f,w,f,f,f,f,f,f,w,f,f,w,f,f,f,f,f,f,f,f,f,f,f,f,f,f,f,f,f,f,f,f,f,f,f,f,f,f,f,f,f,f,f,f,f
f,f,f,f,f,f,f,f,f,f,f,f,f,f,f,f,f,f,f,f,f,f,f,f,f,f,f,f,f,f,f,f,f,f,f,f,f,f,f,f,f,f,f,f,f,f,f,f,f,f,f,f,f,w,f,f,w,f,f,f,f,f,f,w,f,f,w,f,f,f,f,f,f,f,f,f,f,f,f,f,f,f,f,f,f,f,f,f,f,f,f,f,f,f,f,f,f,f,f,f
f,f,f,f,f,f,f,f,f,f,f,f,f,f,f,f,f,f,f,f,f,f,f,f,f,f,f,f,f,f,f,f,f,f,f,f,f,f,f,f,f,f,f,f,f,f,f,f,f,f,f,f,f,w,f,f,w,f,f,f,f,f,f,w,f,f,w,f,f,f,f,f,f,f,f,f,f,f,f,f,f,f,f,f,f,f,f,f,f,f,f,f,f,f,f,f,f,f,f,f
f,f,f,f,f,f,f,f,f,f,f,f,f,f,f,f,f,f,f,f,f,f,f,f,f,f,f,f,f,f,f,f,f,f,f,f,f,f,f,f,f,f,f,f,f,f,f,f,f,f,f,f,f,w,f,f,w,f,f,f,f,f,f,w,f,f,w,f,f,f,f,f,f,f,f,f,f,f,f,f,f,f,f,f,f,f,f,f,f,f,f,f,f,f,f,f,f,f,f,f
f,f,f,f,f,f,f,f,f,f,f,f,f,f,f,f,f,f,f,f,f,f,f,f,f,f,f,f,f,f,f,f,f,f,f,f,f,f,f,f,f,f,f,f,f,f,f,f,f,f,f,f,f,w,f,f,w,f,f,f,f,f,f,w,f,w,w,f,f,f,f,f,f,f,f,f,f,f,f,f,f,f,f,f,f,f,f,f,f,f,f,f,f,f,f,f,f,f,f,f
f,f,f,f,f,f,f,f,f,f,f,f,f,f,f,f,f,f,f,f,f,f,f,f,f,f,f,f,f,f,f,f,f,f,f,f,f,f,f,f,f,f,f,f,f,f,f,f,f,f,f,f,f,w,f,f,w,f,f,f,f,f,f,w,f:d>n^door1,w,w,f,f,f,f,f,f,f,f,f,f,f,f,f,f,f,f,f,f,f,f,f,f,f,f,f,f,f,f,f,f,f,f,f
f,f,f,f,f,f,f,f,f,f,f,f,f,f,f,f,f,f,f,f,f,f,f,f,f,f,f,f,f,f,f,f,f,f,f,f,f,f,f,f,f,f,f,f,f,f,f,f,f,f,f,f,f,w,f,f,w,f,f,f,w,w,w,w,f,f,w,w,w,w,f,f,f,f,f,f,f,f,f,f,w,w,w,w,w,w,w,w,w,w,f,f,f,f,f,f,f,f,f,f
f,f,f,f,f,f,f,f,f,f,f,f,f,f,f,f,f,f,f,f,f,f,f,f,f,f,f,f,f,f,f,f,f,f,f,f,f,f,f,f,f,f,f,f,f,f,f,f,f,f,f,f,f,w,f,f,w,f,f,f,w,f,f,f,f,f,f,f,f,w,f,f,f,f,f,f,f,f,f,f,w,f,f,f,f,f,f,f,f,w,f,f,f,f,f,f,f,f,f,f
f,f,f,f,f,f,f,f,f,f,f,f,f,f,f,f,f,f,f,f,f,f,f,f,f,f,f,f,f,f,f,f,f,f,f,f,f,f,f,f,f,f,f,f,f,f,f,f,f,f,f,f,f,w,f,f,w,f,f,f,w,f,f,f,f,f,f,f,f,w,f,f,f,f,f,f,f,f,f,f,w,f,f,f,f,f,f,f,f,w,f,f,f,f,f,f,f,f,f,f
f,f,f,f,f,f,f,f,f,f,f,f,f,f,f,f,f,f,f,f,f,f,f,f,f,f,f,f,f,f,f,f,f,f,f,f,f,f,f,f,f,f,f,f,f,f,f,f,f,f,f,f,f,w,f,f,w,f,f,f,w,f,f,f,f,f,f,f,f,w,w,w,w,w,w,w,w,w,w,w,w,f,f,f,f,f,f,f,f,w,f,f,f,f,f,f,f,f,f,f
f,f,f,f,f,f,f,f,f,f,f,f,f,f,f,f,f,f,f,f,f,f,f,f,f,f,f,f,f,f,f,f,f,f,f,f,f,f,f,f,f,f,f,f,f,f,f,f,f,f,f,f,f,w,f,f,w,f,f,f,w,f,f,f,w,w,f,f,f,f,f:d>w^door0,f,f,f,f,f,f,f,f,f,f,f,f,f,f,f,f,f,f,w,f,f,f,f,f,f,f,f,f,f
f,f,f,f,f,f,f,f,f,f,f,f,f,f,f,f,f,f,f,f,f,f,f,f,f,f,f,f,f,f,f,f,f,f,f,f,f,f,f,f,f,f,f,f,f,f,f,f,f,f,f,f,f,w,f,f,w,f,f,f,w,f,f,w,w,w,w,f,f,f,w,w,f,f,f,f,f,f,f,f,f,f,f,f,f,f,f,f,f,w,f,f,f,f,f,f,f,f,f,f
f,f,f,f,f,f,f,f,f,f,f,f,f,f,f,f,f,f,f,f,f,f,f,f,f,f,f,f,f,f,f,f,f,f,f,f,f,f,f,f,f,f,f,f,f,f,f,f,f,f,f,f,f,w,f,f,w,f,f,f,w,f,f,f,f,w,f,f,f,w,w,w,w,w,w,w,w,w,w,w,w,f,f,f,f,f,f,f,f,w,f,f,f,f,f,f,f,f,f,f
f,f,f,f,f,f,f,f,f,f,f,f,f,f,f,f,f,f,f,f,f,f,f,f,f,f,f,f,f,f,f,f,f,f,f,f,f,f,f,f,f,f,f,f,f,f,f,f,f,f,f,f,f,w,f,f,w,f,f,f,w,f,f,f,f,f,f,f,f,w,f,f,f,f,f,f,f,f,f,f,w,f,f,f,f,f,f,f,f,w,f,f,f,f,f,f,f,f,f,f
f,f,f,f,f,f,f,f,f,f,f,f,f,f,f,f,f,f,f,f,f,f,f,f,f,f,f,f,f,f,f,f,f,f,f,f,f,f,f,f,f,f,f,f,f,f,f,f,f,f,f,f,f,w,f,f,w,f,f,f,w,f,f,f,f,f,f,f,f,w,f,f,f,f,f,f,f,f,f,f,w,f,f,f,f,f,f,f,f,w,f,f,f,f,f,f,f,f,f,f
f,f,f,f,f,f,f,f,f,f,f,f,f,f,f,f,f,f,f,f,f,f,f,f,f,f,f,f,f,f,f,f,f,f,f,f,f,f,f,f,f,f,f,f,f,f,f,f,f,f,f,f,f,w,f,f,w,f,f,f,w,w,w,w,f,f,w,w,w,w,f,f,f,f,f,f,f,f,f,f,w,w,w,w,w,w,w,w,w,w,f,f,f,f,f,f,f,f,f,f
f,f,f,f,f,f,f,f,f,f,f,f,f,f,f,f,f,f,f,f,f,f,f,f,f,f,f,f,f,f,f,f,f,f,f,f,f,f,f,f,f,f,f,f,f,f,f,f,f,f,f,f,f,w,f,f,w,f,f,f,f,f,f,w,f,f,w,f,f,f,f,f,f,f,f,f,f,f,f,f,f,f,f,f,f,f,f,f,f,f,f,f,f,f,f,f,f,f,f,f
f,f,f,f,f,f,f,f,f,f,f,f,f,f,f,f,f,f,f,f,f,f,f,f,f,f,f,f,f,f,f,f,f,f,f,f,f,f,f,f,f,f,f,f,f,f,f,f,f,f,f,f,f,w,f,f,w,f,f,f,f,f,f,w,f,f,w,f,f,f,f,f,f,f,f,f,f,f,f,f,f,f,f,f,f,f,f,f,f,f,f,f,f,f,f,f,f,f,f,f
f,f,f,f,f,f,f,f,f,f,f,f,f,f,f,f,f,f,f,f,f,f,f,f,f,f,f,f,f,f,f,f,f,f,f,f,f,f,f,f,f,f,f,f,f,f,f,f,f,f,f,f,f,w,f,f,w,f,f,f,f,f,f,w,f,f,w,f,f,f,f,f,f,f,f,f,f,f,f,f,f,f,f,f,f,f,f,f,f,f,f,f,f,f,f,f,f,f,f,f
f,f,f,f,f,f,f,f,f,f,f,f,f,f,f,f,f,f,f,f,f,f,f,f,f,f,f,f,f,f,f,f,f,w,w,w,w,w,w,w,w,w,w,w,w,w,w,w,w,w,w,w,w,w,f,f,w,f,f,f,f,f,f,w,f,f,w,f,f,f,f,f,f,f,f,f,f,f,f,f,f,f,f,f,f,f,f,f,f,f,f,f,f,f,f,f,f,f,f,f
f,f,f,f,f,f,f,f,f,f,f,f,f,f,f,f,f,f,f,f,f,f,f,f,f,f,f,f,f,f,f,f,f,w,f,f,f,f,f,f,f,f,f,f,f,f,f,f,f,f,f,f,f,f,f,f,w,f,f,f,f,f,f,w,f,f,w,f,f,f,f,f,f,f,f,f,f,f,f,f,f,f,f,f,f,f,f,f,f,f,f,f,f,f,f,f,f,f,f,f
f,f,f,f,f,f,f,f,f,f,f,f,f,f,f,f,f,f,f,f,f,f,f,f,f,f,f,f,f,f,f,f,f,w,f,f,f,f,f,f,f,f,f,f,f,f,f,f,f,f,f,f,f,f,f,f,w,f,f,f,f,f,f,w,f,f,w,f,f,f,f,f,f,f,f,f,f,f,f,f,f,f,f,f,f,f,f,f,f,f,f,f,f,f,f,f,f,f,f,f
f,f,f,f,f,f,f,f,f,f,f,f,f,f,f,f,f,f,f,f,f,f,f,f,f,f,f,f,f,f,f,f,f,w,f,f,w,w,w,w,w,w,w,w,w,w,w,w,w,w,w,w,w,w,w,w,w,f,f,f,f,f,f,w,f,f,w,f,f,f,f,f,f,f,f,f,f,f,f,f,f,f,f,f,f,f,f,f,f,f,f,f,f,f,f,f,f,f,f,f
f,f,f,f,f,f,f,f,f,f,f,f,f,f,f,f,f,f,f,f,f,f,f,f,f,f,f,f,f,f,f,f,f,w,f,f,w,f,f,f,f,f,f,f,f,f,f,f,f,f,f,f,f,f,f,f,f,f,f,f,f,f,f,w,f,f,w,f,f,f,f,f,f,f,f,f,f,f,f,f,f,f,f,f,f,f,f,f,f,f,f,f,f,f,f,f,f,f,f,f
f,f,f,f,f,f,f,f,f,f,f,f,f,f,f,f,f,f,f,f,f,f,f,f,f,f,f,f,f,f,f,f,f,w,f,w,w,f,f,f,f,f,f,f,f,f,f,f,f,f,f,f,f,f,f,f,f,f,f,f,f,f,f,w,f,w,w,f,f,f,f,f,f,f,f,f,f,f,f,f,f,f,f,f,f,f,f,f,f,f,f,f,f,f,f,f,f,f,f,f
f,f,f,f,f,f,f,f,f,f,f,f,f,f,f,f,f,f,f,f,f,f,f,f,f,f,f,f,f,f,f,f,f,w,f:d>n^door3,w,w,f,f,f,f,f,f,f,f,f,f,f,f,f,f,f,f,f,f,f,f,f,f,f,f,f,f,w,f:d>n^door2,w,w,f,f,f,f,f,f,f,f,f,f,f,f,f,f,f,f,f,f,f,f,f,f,f,f,f,f,f,f,f,f,f,f,f
f,f,f,f,f,f,f,f,f,f,f,f,f,f,f,f,f,f,f,f,f,f,f,f,f,f,f,f,f,f,f,f,f,w,f,f,w,f,f,f,w,w,w,w,w,w,w,w,w,w,f,f,f,f,f,f,f,f,f,f,w,w,w,w,f,f,w,w,w,w,f,f,f,f,f,f,f,f,f,f,f,f,f,f,f,f,f,f,f,f,f,f,f,f,f,f,f,f,f,f
f,f,f,f,f,f,f,f,f,f,f,f,f,f,f,f,f,f,f,f,f,f,f,f,f,f,f,f,f,f,f,f,f,w,f,f,w,f,f,f,w,f,f,f,f,f,f,f,f,w,f,f,f,f,f,f,f,f,f,f,w,f,f,f,f,f,f,f,f,w,f,f,f,f,f,f,f,f,f,f,f,f,f,f,f,f,f,f,f,f,f,f,f,f,f,f,f,f,f,f
f,f,f,f,f,f,f,f,f,f,f,f,f,f,f,f,f,f,f,f,f,f,f,f,f,f,f,f,f,f,f,f,f,w,f,f,w,f,f,f,w,f,f:a^Agent1,f,f,f,f,f,f,w,f,f,f,f,f,f,f,f,f,f,w,f,f,f,f,f,f,f,f,w,f,f,f,f,f,f,f,f,f,f,f,f,f,f,f,f,f,f,f,f,f,f,f,f,f,f,f,f,f,f
f,f,f,f,f,f,f,f,f,f,f,f,f,f,f,f,f,f,f,f,f,f,f,f,f,f,f,f,f,f,f,f,f,w,f,f,w,f,f,f,w,f,f,f,f,f,f,f,f,w,w,w,w,w,w,w,w,w,w,w,w,f,f,f,f,f,f,f,f,w,f,f,f,f,f,f,f,f,f,f,f,f,f,f,f,f,f,f,f,f,f,f,f,f,f,f,f,f,f,f
f,f,f,f,f,f,f,f,f,f,f,f,f,f,f,f,f,f,f,f,f,f,f,f,f,f,f,f,f,f,f,f,f,w,f,f,w,f,f,f,w,f,f,f,f,f,f,f,f,f,f:d>w^door4,f,f,f,f,f,f,f,f,f,f,f,f,f,f,f,f,f,f,w,f,f,f,f,f,f,f,f,f,f,f,f,f,f,f,f,f,f,f,f,f,f,f,f,f,f,f,f,f,f
f,f,f,f,f,f,f,f,f,f,f,f,f,f,f,f,f,f,f,f,f,f,f,f,f,f,f,f,f,f,f,f,f,w,f,f,w,f,f,f,w,f,f,f,f,f,f,f,f,f,w,w,f,f,f,f,f,f,f,f,f,f,f,f,f,f,f,f,f,w,f,f,f,f,f,f,f,f,f,f,f,f,f,f,f,f,f,f,f,f,f,f,f,f,f,f,f,f,f,f
f,f,f,f,f,f,f,f,f,f,f,f,f,f,f,f,f,f,f,f,f,f,f,f,f,f,f,f,f,f,f,f,f,w,f,f,w,f,f,f,w,f,f,f,f,f,f,f,f,w,w,w,w,w,w,w,w,w,w,w,w,f,f,f,f,f,f,f,f,w,f,f,f,f,f,f,f,f,f,f,f,f,f,f,f,f,f,f,f,f,f,f,f,f,f,f,f,f,f,f
f,f,f,f,f,f,f,f,f,f,f,f,f,f,f,f,f,f,f,f,f,f,f,f,f,f,f,f,f,f,f,f,f,w,f,f,w,f,f,f,w,f,f,f,f,f,f,f,f,w,f,f,f,f,f,f,f,f,f,f,w,f,f,f,f,f,f,f,f,w,f,f,f,f,f,f,f,f,f,f,f,f,f,f,f,f,f,f,f,f,f,f,f,f,f,f,f,f,f,f
f,f,f,f,f,f,f,f,f,f,f,f,f,f,f,f,f,f,f,f,f,f,f,f,f,f,f,f,f,f,f,f,f,w,f,f,w,f,f,f,w,f,f,f,f,f,f,f,f,w,f,f,f,f,f,f,f,f,f,f,w,f,f,f,f,f,f,f,f,w,f,f,f,f,f,f,f,f,f,f,f,f,f,f,f,f,f,f,f,f,f,f,f,f,f,f,f,f,f,f
f,f,f,f,f,f,f,f,f,f,f,f,f,f,f,f,f,f,f,f,f,f,f,f,f,f,f,f,f,f,f,f,f,w,f,f,w,f,f,f,w,w,w,w,w,w,w,w,w,w,f,f,f,f,f,f,f,f,f,f,w,w,w,w,f,f,w,w,w,w,f,f,f,f,f,f,f,f,f,f,f,f,f,f,f,f,f,f,f,f,f,f,f,f,f,f,f,f,f,f
f,f,f,f,f,f,f,f,f,f,f,f,f,f,f,f,f,f,f,f,f,f,f,f,f,f,f,f,f,f,f,f,f,w,f,f,w,f,f,f,f,f,f,f,f,f,f,f,f,f,f,f,f,f,f,f,f,f,f,f,f,f,f,w,f,f,w,f,f,f,f,f,f,f,f,f,f,f,f,f,f,f,f,f,f,f,f,f,f,f,f,f,f,f,f,f,f,f,f,f
f,f,f,f,f,f,f,f,f,f,f,f,f,f,f,f,f,f,f,f,f,f,f,f,f,f,f,f,f,f,f,f,f,w,f,f,w,f,f,f,f,f,f,f,f,f,f,f,f,f,f,f,f,f,f,f,f,f,f,f,f,f,f,w,f,f,w,f,f,f,f,f,f,f,f,f,f,f,f,f,f,f,f,f,f,f,f,f,f,f,f,f,f,f,f,f,f,f,f,f
f,f,f,f,f,f,f,f,f,f,f,f,f,f,f,f,f,f,f,f,f,f,f,f,f,f,f,f,f,f,f,f,f,w,f,f,w,f,f,f,f,f,f,f,f,f,f,f,f,f,f,f,f,f,f,f,f,f,f,f,f,f,f,w,f,f,w,f,f,f,f,f,f,f,f,f,f,f,f,f,f,f,f,f,f,f,f,f,f,f,f,f,f,f,f,f,f,f,f,f
f,f,f,f,f,f,f,f,f,f,f,f,f,f,f,f,f,f,f,f,f,f,f,f,f,f,f,f,f,f,f,f,f,w,f,f,w,w,w,w,w,w,w,w,w,w,w,f,f,f,f,f,f,f,f,f,f,f,f,f,f,f,f,w,f,f,w,f,f,f,f,f,f,f,f,f,f,f,f,f,f,f,f,f,f,f,f,f,f,f,f,f,f,f,f,f,f,f,f,f
f,f,f,f,f,f,f,f,f,f,f,f,f,f,f,f,f,f,f,f,f,f,f,f,f,f,f,f,f,f,f,f,f,w,f,f,f,f,f,f,f,f,f,f,f,f,w,f,f,f,f,f,f,f,f,f,f,f,f,f,f,f,f,w,f,f,w,f,f,f,f,f,f,f,f,f,f,f,f,f,f,f,f,f,f,f,f,f,f,f,f,f,f,f,f,f,f,f,f,f
f,f,f,f,f,f,f,f,f,f,f,f,f,f,f,f,f,f,f,f,f,f,f,f,f,f,f,f,f,f,f,f,f,w,f,f,f,f,f,f,f,f,f,f,f,f,w,f,f,f,f,f,f,f,f,f,f,f,f,f,f,f,f,w,f,f,w,f,f,f,f,f,f,f,f,f,f,f,f,f,f,f,f,f,f,f,f,f,f,f,f,f,f,f,f,f,f,f,f,f
f,f,f,f,f,f,f,f,f,f,f,f,f,f,f,f,f,f,f,f,f,f,f,f,f,f,f,f,f,f,f,f,f,w,w,w,w,w,w,w,w,w,w,w,f,f,w,f,f,f,f,f,f,f,f,f,f,f,f,f,f,f,f,w,f,f,w,f,f,f,f,f,f,f,f,f,f,f,f,f,f,f,f,f,f,f,f,f,f,f,f,f,f,f,f,f,f,f,f,f
f,f,f,f,f,f,f,f,f,f,f,f,f,f,f,f,f,f,f,f,f,f,f,f,f,f,f,f,f,f,f,f,f,f,f,f,f,f,f,f,f,f,f,w,f,f,w,f,f,f,f,f,f,f,f,f,f,f,f,f,f,f,f,w,f,f,w,f,f,f,f,f,f,f,f,f,f,f,f,f,f,f,f,f,f,f,f,f,f,f,f,f,f,f,f,f,f,f,f,f
f,f,f,f,f,f,f,f,f,f,f,f,f,f,f,f,f,f,f,f,f,f,f,f,f,f,f,f,f,f,f,f,f,f,f,f,f,f,f,f,f,f,f,w,f,f,w,f,f,f,f,f,f,f,f,f,f,f,f,f,f,f,f,w,f,w,w,f,f,f,f,f,f,f,f,f,f,f,f,f,f,f,f,f,f,f,f,f,f,f,f,f,f,f,f,f,f,f,f,f
f,f,f,f,f,f,f,f,f,f,f,f,f,f,f,f,f,f,f,f,f,f,f,f,f,f,f,f,f,f,f,f,f,f,f,f,f,f,f,f,f,f,f,w,f,f,w,f,f,f,f,f,f,f,f,f,f,f,f,f,f,f,f,w,f:d>n^door5,w,w,f,f,f,f,f,f,f,f,f,f,f,f,f,f,f,f,f,f,f,f,f,f,f,f,f,f,f,f,f,f,f,f,f
f,f,f,f,f,f,f,f,f,f,f,f,f,f,f,f,f,f,f,f,f,f,f,f,f,f,f,f,f,f,f,f,f,f,f,f,f,f,f,f,w,w,w,w,f,f,w,w,w,w,f,f,f,f,f,f,f,f,f,f,w,w,w,w,f,f,w,w,w,w,f,f,f,f,f,f,f,f,f,f,w,w,w,w,w,w,w,w,w,w,f,f,f,f,f,f,f,f,f,f
f,f,f,f,f,f,f,f,f,f,f,f,f,f,f,f,f,f,f,f,f,f,f,f,f,f,f,f,f,f,f,f,f,f,f,f,f,f,f,f,w,f,f,f,f,f,f,f,f,w,f,f,f,f,f,f,f,f,f,f,w,f,f,f,f,f,f,f,f,w,f,f,f,f,f,f,f,f,f,f,w,f,f,f,f,f,f,f,f,w,f,f,f,f,f,f,f,f,f,f
f,f,f,f,f,f,f,f,f,f,f,f,f,f,f,f,f,f,f,f,f,f,f,f,f,f,f,f,f,f,f,f,f,f,f,f,f,f,f,f,w,f,f,f,f,f,f,f,f,w,f,f,f,f,f,f,f,f,f,f,w,f,f,f,f,f,f,f,f,w,f,f,f,f,f,f,f,f,f,f,w,f,f,f,f,f,f,f,f,w,f,f,f,f,f,f,f,f,f,f
f,f,f,f,f,f,f,f,f,f,f,f,f,f,f,f,f,f,f,f,f,f,f,f,f,f,f,f,f,f,f,f,f,w,w,w,w,w,w,w,w,f,f,f,f,f,f,f,f,w,f,f,f,f,f,f,f,f,f,f,w,f,f,f,f,f,f,f,f,w,w,w,w,w,w,w,w,w,w,w,w,f,f,f,f,f,f,f,f,w,f,f,f,f,f,f,f,f,f,f
f,f,f,f,f,f,f,f,f,f,f,f,f,f,f,f,f,f,f,f,f,f,f,f,f,f,f,f,f,f,f,f,f,w,f,f,f,f,f,f,f,f,f,f,f,f,f,f,f,w,f,f,f,f,f,f,f,f,f,f,w,f,f,f,f,f,f,f,f,f,f:d>w^door15,f,f,f,f,f,f,f,f,f,f,f,f,f,f,f,f,f,f,w,f,f,f,f,f,f,f,f,f,f
f,f,f,f,f,f,f,f,f,f,f,f,f,f,f,f,f,f,f,f,f,f,f,f,f,f,f,f,f,f,f,f,f,w,f,f,f,f,f,f,f,f,f,f,f,f,f,f,f,w,f,f,f,f,f,f,f,f,f,f,w,f,f,f,f,f,f,f,f,f,w,w,f,f,f,f,f,f,f,f,f,f,f,f,f,f,f,f,f,w,f,f,f,f,f,f,f,f,f,f
f,f,f,f,f,f,f,f,f,f,f,f,f,f,f,f,f,f,f,f,f,f,f,f,f,f,f,f,f,f,f,f,f,w,f,f,w,w,w,w,w,f,f,f,f,f,f,f,f,w,f,f,f,f,f,f,f,f,f,f,w,f,f,f,f,f,f,f,f,w,w,w,w,w,w,w,w,w,w,w,w,f,f,f,f,f,f,f,f,w,f,f,f,f,f,f,f,f,f,f
f,f,f,f,f,f,f,f,f,f,f,f,f,f,f,f,f,f,f,f,f,f,f,f,f,f,f,f,f,f,f,f,f,w,f,f,w,f,f,f,w,f,f,f,f,f,f,f,f,w,f,f,f,f,f,f,f,f,f,f,w,f,f,f,f,f,f,f,f,w,f,f,f,f,f,f,f,f,f,f,w,f,f,f,f,f,f,f,f,w,f,f,f,f,f,f,f,f,f,f
f,f,f,f,f,f,f,f,f,f,f,f,f,f,f,f,f,f,f,f,f,f,f,f,f,f,f,f,f,f,f,f,f,w,f,f,w,f,f,f,w,f,f,f,f,f,f,f,f,w,f,f,f,f,f,f,f,f,f,f,w,f,f,f,f,f,f,f,f,w,f,f,f,f,f,f,f,f,f,f,w,f,f,f,f,f,f,f,f,w,f,f,f,f,f,f,f,f,f,f
f,f,f,f,f,f,f,f,f,f,f,f,f,f,f,f,f,f,f,f,f,f,f,f,f,f,f,f,f,f,f,f,f,w,f,f,w,f,f,f,w,w,w,w,f,f,w,w,w,w,f,f,f,f,f,f,f,f,f,f,w,w,w,w,f,f,w,w,w,w,f,f,f,f,f,f,f,f,f,f,w,w,w,w,f,f,w,w,w,w,f,f,f,f,f,f,f,f,f,f
f,f,f,f,f,f,f,f,f,f,f,f,f,f,f,f,f,f,f,f,f,f,f,f,f,f,f,f,f,f,f,f,f,w,f,f,w,f,f,f,f,f,f,w,f,f,w,f,f,f,f,f,f,f,f,f,f,f,f,f,f,f,f,w,f,f,w,f,f,f,f,f,f,f,f,f,f,f,f,f,f,f,f,w,f,f,w,f,f,f,f,f,f,f,f,f,f,f,f,f
f,f,f,f,f,f,f,f,f,f,f,f,f,f,f,f,f,f,f,f,f,f,f,f,f,f,f,f,f,f,f,f,f,w,f,f,w,f,f,f,f,f,f,w,f,f,w,f,f,f,f,f,f,f,f,f,f,f,f,f,f,f,f,w,f,f,w,f,f,f,f,f,f,f,f,f,f,f,f,f,f,f,f,w,f,f,w,f,f,f,f,f,f,f,f,f,f,f,f,f
f,f,f,f,f,f,f,f,f,f,f,f,f,f,f,f,f,f,f,f,f,f,f,f,f,f,f,f,f,f,f,f,f,w,f,f,w,f,f,f,f,f,f,w,f,f,w,f,f,f,f,f,f,f,f,f,f,f,f,f,f,f,f,w,f,f,w,f,f,f,f,f,f,f,f,f,f,f,f,f,f,f,f,w,f,f,w,f,f,f,f,f,f,f,f,f,f,f,f,f
f,f,f,f,f,f,f,f,f,f,f,f,f,w,w,w,w,w,w,w,w,w,w,w,w,w,w,w,w,w,w,w,w,w,f,f,w,f,f,f,f,f,f,w,f,f,w,f,f,f,f,f,f,f,f,f,f,f,f,f,f,f,f,w,f,f,w,f,f,f,f,f,f,f,f,f,f,f,f,f,f,f,f,w,f,f,w,f,f,f,f,f,f,f,f,f,f,f,f,f
f,f,f,f,f,f,f,f,f,f,f,f,f,w,f,f,f,f,f,f,f,f,f,f,f,f,f,f,f,f,f,f,f,f,f,f,w,f,f,f,f,f,f,w,f,f,w,f,f,f,f,f,f,f,f,f,f,f,f,f,f,f,f,w,f,f,w,f,f,f,f,f,f,f,f,f,f,f,f,f,f,f,f,w,f,f,w,f,f,f,f,f,f,f,f,f,f,f,f,f
f,f,f,f,f,f,f,f,f,f,f,f,f,w,f,f,f,f,f,f,f,f,f,f,f,f,f,f,f,f,f,f,f,f,f,f,w,f,f,f,f,f,f,w,f,f,w,f,f,f,f,f,f,f,f,f,f,f,f,f,f,f,f,w,f,f,w,f,f,f,f,f,f,f,f,f,f,f,f,f,f,f,f,w,f,f,w,f,f,f,f,f,f,f,f,f,f,f,f,f
f,f,f,f,f,f,f,f,f,f,f,f,f,w,f,f,w,w,w,w,w,w,w,w,w,w,w,w,w,w,w,w,w,w,w,w,w,f,f,f,f,f,f,w,f,f,w,f,f,f,f,f,f,f,f,f,f,f,f,f,f,f,f,w,f,f,w,f,f,f,f,f,f,f,f,f,f,f,f,f,f,f,f,w,f,f,w,f,f,f,f,f,f,f,f,f,f,f,f,f
f,f,f,f,f,f,f,f,f,f,f,f,f,w,f,f,w,f,f,f,f,f,f,f,f,f,f,f,f,f,f,f,f,f,f,f,f,f,f,f,f,f,f,w,f,f,w,f,f,f,f,f,f,f,f,f,f,f,f,f,f,f,f,w,f,f,w,f,f,f,f,f,f,f,f,f,f,f,f,f,f,f,f,w,f,f,w,f,f,f,f,f,f,f,f,f,f,f,f,f
f,f,f,f,f,f,f,f,f,f,f,f,f,w,f,w,w,f,f,f,f,f,f,f,f,f,f,f,f,f,f,f,f,f,f,f,f,f,f,f,f,f,f,w,f,w,w,f,f,f,f,f,f,f,f,f,f,f,f,f,f,f,f,w,f,w,w,f,f,f,f,f,f,f,f,f,f,f,f,f,f,f,f,w,f,w,w,f,f,f,f,f,f,f,f,f,f,f,f,f
f,f,f,f,f,f,f,f,f,f,f,f,f,w,f:d>n^door7,w,w,f,f,f,f,f,f,f,f,f,f,f,f,f,f,f,f,f,f,f,f,f,f,f,f,f,f,w,f:d>n^door11,w,w,f,f,f,f,f,f,f,f,f,f,f,f,f,f,f,f,w,f:d>n^door6,w,w,f,f,f,f,f,f,f,f,f,f,f,f,f,f,f,f,w,f:d>n^door18,w,w,f,f,f,f,f,f,f,f,f,f,f,f,f
f,f,f,f,f,f,f,f,f,f,f,f,f,w,f,f,w,f,f,f,w,w,w,w,w,w,w,w,w,w,f,f,f,f,f,f,f,f,f,f,w,w,w,w,f,f,w,w,w,w,f,f,f,f,f,f,f,f,f,f,w,w,w,w,f,f,w,w,w,w,f,f,f,f,f,f,f,f,f,f,w,w,w,w,f,f,w,w,w,w,f,f,f,f,f,f,f,f,f,f
f,f,f,f,f,f,f,f,f,f,f,f,f,w,f,f,w,f,f,f,w,f,f,f,f,f,f,f,f,w,f,f,f,f,f,f,f,f,f,f,w,f,f,f,f,f,f,f,f,w,f,f,f,f,f,f,f,f,f,f,w,f,f,f,f,f,f,f,f,w,f,f,f,f,f,f,f,f,f,f,w,f,f,f,f,f,f,f,f,w,f,f,f,f,f,f,f,f,f,f
f,f,f,f,f,f,f,f,f,f,f,f,f,w,f,f,w,f,f,f,w,f,f,f,f,f,f,f,f,w,f,f,f,f,f,f,f,f,f,f,w,f,f,f,f,f,f,f,f,w,f,f,f,f,f,f,f,f,f,f,w,f,f,f,f,f,f,f,f,w,f,f,f,f,f,f,f,f,f,f,w,f,f,f,f,f,f,f,f,w,f,f,f,f,f,f,f,f,f,f
f,f,f,f,f,f,f,f,f,f,f,f,f,w,f,f,w,f,f,f,w,f,f,f,f,f,f,f,f,w,w,w,w,w,w,w,w,w,w,w,w,f,f,f,f,f,f,f,f,w,w,w,w,w,w,w,w,w,w,w,w,f,f,f,f,f,f,f,f,w,w,w,w,w,w,w,w,w,w,w,w,f,f,f,f,f,f,f,f,w,f,f,f,f,f,f,f,f,f,f
f,f,f,f,f,f,f,f,f,f,f,f,f,w,f,f,w,f,f,f,w,f,f,f,f,f,f,f,f,f,f:d>w^door13,f,f,f,f,f,f,f,f,f,f,f,f,f,f,f,f,f,f,f,f:d>w^door17,f,f,f,f,f,f,f,f,f,f,f,f,f,f,f,f,f,f,f,f:d>w^door19,f,f,f,f,f,f,f,f,f,f,f,f,f,f,f,f,f,f,w,f,f,f,f,f,f,f,f,f,f
f,f,f,f,f,f,f,f,f,f,f,f,f,w,f,f,w,f,f,f,w,f,f,f,f,f,f,f,f,f,w,w,f,f,f,f,f,f,f,f,f,f,f,f,f,f,f,f,f,f,w,w,f,f,f,f,f,f,f,f,f,f,f,f,f,f,f,f,f,f,w,w,f,f,f,f,f,f,f,f,f,f,f,f,f,f,f,f,f,w,f,f,f,f,f,f,f,f,f,f
f,f,f,f,f,f,f,f,f,f,f,f,f,w,f,f,w,f,f,f,w,f,f,f,f,f,f,f,f,w,w,w,w,w,w,w,w,w,w,w,w,f,f,f,f,f,f,f,f,w,w,w,w,w,w,w,w,w,w,w,w,f,f,f,f,f,f,f,f,w,w,w,w,w,w,w,w,w,w,w,w,f,f,f,f,f,f,f,f,w,f,f,f,f,f,f,f,f,f,f
f,f,f,f,f,f,f,f,f,f,f,f,f,w,f,f,w,f,f,f,w,f,f,f,f,f,f,f,f,w,f,f,f,f,f,f,f,f,f,f,w,f,f,f,f,f,f,f,f,w,f,f,f,f,f,f,f,f,f,f,w,f,f,f,f,f,f,f,f,w,f,f,f,f,f,f,f,f,f,f,w,f,f,f,f,f,f,f,f,w,f,f,f,f,f,f,f,f,f,f
f,f,f,f,f,f,f,f,f,f,f,f,f,w,f,f,w,f,f,f,w,f,f,f,f,f,f,f,f,w,f,f,f,f,f,f,f,f,f,f,w,f,f,f,f,f,f,f,f,w,f,f,f,f,f,f,f,f,f,f,w,f,f,f,f,f,f,f,f,w,f,f,f,f,f,f,f,f,f,f,w,f,f,f,f,f,f,f,f,w,f,f,f,f,f,f,f,f,f,f
f,f,f,f,f,f,f,f,f,f,f,f,f,w,f,f,w,f,f,f,w,w,w,w,w,w,w,w,w,w,f,f,f,f,f,f,f,f,f,f,w,w,w,w,w,w,w,w,w,w,f,f,f,f,f,f,f,f,f,f,w,w,w,w,w,w,w,w,w,w,f,f,f,f,f,f,f,f,f,f,w,w,w,w,f,f,w,w,w,w,f,f,f,f,f,f,f,f,f,f
f,f,f,f,f,f,f,f,f,f,f,f,f,w,f,f,w,f,f,f,f,f,f,f,f,f,f,f,f,f,f,f,f,f,f,f,f,f,f,f,f,f,f,f,f,f,f,f,f,f,f,f,f,f,f,f,f,f,f,f,f,f,f,f,f,f,f,f,f,f,f,f,f,f,f,f,f,f,f,f,f,f,f,w,f,f,w,f,f,f,f,f,f,f,f,f,f,f,f,f
f,f,f,f,f,f,f,f,f,f,f,f,f,w,f,f,w,f,f,f,f,f,f,f,f,f,f,f,f,f,f,f,f,f,f,f,f,f,f,f,f,f,f,f,f,f,f,f,f,f,f,f,f,f,f,f,f,f,f,f,f,f,f,f,f,f,f,f,f,f,f,f,f,f,f,f,f,f,f,f,f,f,f,w,f,f,w,f,f,f,f,f,f,f,f,f,f,f,f,f
f,f,f,f,f,f,f,f,f,f,f,f,f,w,f,f,w,f,f,f,f,f,f,f,f,f,f,f,f,f,f,f,f,f,f,f,f,f,f,f,f,f,f,f,f,f,f,f,f,f,f,f,f,f,f,f,f,f,f,f,f,f,f,f,f,f,f,f,f,f,f,f,f,f,f,f,f,f,f,f,f,f,f,w,f,f,w,f,f,f,f,f,f,f,f,f,f,f,f,f
f,f,f,f,f,f,f,f,f,f,f,f,f,w,f,f,w,w,w,w,w,w,w,w,w,w,w,w,w,w,w,w,w,w,w,w,w,w,w,w,w,w,w,w,w,w,w,w,w,w,w,w,w,w,w,w,w,w,w,w,w,w,w,w,w,w,w,w,w,w,w,w,w,w,w,w,w,f,f,f,f,f,f,w,f,f,w,f,f,f,f,f,f,f,f,f,f,f,f,f
f,f,f,f,f,f,f,f,f,f,f,f,f,w,f,f,f,f,f,f,f,f,f,f,f,f,f,f,f,f,f,f,f,f,f,f,f,f,f,f,f,f,f,f,f,f,f,f,f,f,f,f,f,f,f,f,f,f,f,f,f,f,f,f,f,f,f,f,f,f,f,f,f,f,f,f,w,f,f,f,f,f,f,w,f,f,w,f,f,f,f,f,f,f,f,f,f,f,f,f
f,f,f,f,f,f,f,f,f,f,f,f,f,w,f,f,f,f,f,f,f,f,f,f,f,f,f,f,f,f,f,f,f,f,f,f,f,f,f,f,f,f,f,f,f,f,f,f,f,f,f,f,f,f,f,f,f,f,f,f,f,f,f,f,f,f,f,f,f,f,f,f,f,f,f,f,w,f,f,f,f,f,f,w,f,f,w,f,f,f,f,f,f,f,f,f,f,f,f,f
f,f,f,f,f,f,f,f,f,f,f,f,f,w,w,w,w,w,w,w,w,w,w,w,w,w,w,w,w,w,w,w,w,w,w,w,w,w,w,w,w,w,w,w,w,w,w,w,w,w,w,w,w,w,w,w,w,w,w,w,w,w,w,w,w,w,w,w,w,w,w,w,w,w,f,f,w,f,f,f,f,f,f,w,f,f,w,f,f,f,f,f,f,f,f,f,f,f,f,f
f,f,f,f,f,f,f,f,f,f,f,f,f,f,f,f,f,f,f,f,f,f,f,f,f,f,f,f,f,f,f,f,f,f,f,f,f,f,f,f,f,f,f,f,f,f,f,f,f,f,f,f,f,f,f,f,f,f,f,f,f,f,f,f,f,f,f,f,f,f,f,f,f,w,f,f,w,f,f,f,f,f,f,w,f,f,w,f,f,f,f,f,f,f,f,f,f,f,f,f
f,f,f,f,f,f,f,f,f,f,f,f,f,f,f,f,f,f,f,f,f,f,f,f,f,f,f,f,f,f,f,f,f,f,f,f,f,f,f,f,f,f,f,f,f,f,f,f,f,f,f,f,f,f,f,f,f,f,f,f,f,f,f,f,f,f,f,f,f,f,f,f,f,w,f,f,w,f,f,f,f,f,f,w,f,w,w,f,f,f,f,f,f,f,f,f,f,f,f,f
f,f,f,f,f,f,f,f,f,f,f,f,f,f,f,f,f,f,f,f,f,f,f,f,f,f,f,f,f,f,f,f,f,f,f,f,f,f,f,f,f,f,f,f,f,f,f,f,f,f,f,f,f,f,f,f,f,f,f,f,f,f,f,f,f,f,f,f,f,f,f,f,f,w,f,f,w,f,f,f,f,f,f,w,f:d>n^door12,w,w,f,f,f,f,f,f,f,f,f,f,f,f,f
f,f,f,f,f,f,f,f,f,f,f,f,f,f,f,f,f,f,f,f,f,f,f,f,f,f,f,f,f,f,f,f,f,f,f,f,f,f,f,f,f,f,f,f,f,f,f,f,f,f,f,f,f,f,f,f,f,f,f,f,f,f,f,f,f,f,f,f,f,f,f,f,f,w,f,f,w,f,f,f,w,w,w,w,f,f,w,w,w,w,f,f,f,f,f,f,f,f,f,f
f,f,f,f,f,f,f,f,f,f,f,f,f,f,f,f,f,f,f,f,f,f,f,f,f,f,f,f,f,f,f,f,f,f,f,f,f,f,f,f,f,f,f,f,f,f,f,f,f,f,f,f,f,f,f,f,f,f,f,f,f,f,f,f,f,f,f,f,f,f,f,f,f,w,f,f,w,f,f,f,w,f,f,f,f,f,f,f,f,w,f,f,f,f,f,f,f,f,f,f
f,f,f,f,f,f,f,f,f,f,f,f,f,f,f,f,f,f,f,f,f,f,f,f,f,f,f,f,f,f,f,f,f,f,f,f,f,f,f,f,f,f,f,f,f,f,f,f,f,f,f,f,f,f,f,f,f,f,f,f,f,f,f,f,f,f,f,f,f,f,f,f,f,w,f,f,w,f,f,f,w,f,f,f,f,f,f,f,f,w,f,f,f,f,f,f,f,f,f,f
f,f,f,f,f,f,f,f,f,f,f,f,f,f,f,f,f,f,f,f,f,f,f,f,f,f,f,f,f,f,f,f,f,f,f,f,f,f,f,f,f,f,f,f,f,f,f,f,f,f,f,f,f,f,f,f,f,f,f,f,f,f,f,f,f,f,f,f,f,f,f,f,f,w,f,f,w,f,f,f,w,f,f,f,f,f,f,f,f,w,w,w,w,w,w,w,w,f,f,f
f,f,f,f,f,f,f,f,f,f,f,f,f,f,f,f,f,f,f,f,f,f,f,f,f,f,f,f,f,f,f,f,f,f,f,f,f,f,f,f,f,f,f,f,f,f,f,f,f,f,f,f,f,f,f,f,f,f,f,f,f,f,f,f,f,f,f,f,f,f,f,f,f,w,f,f,w,f,f,f,w,f,f,f,w,w,f,f,f,f,f:d>w^door16,f,f,f,f,f,w,f,f,f
f,f,f,f,f,f,f,f,f,f,f,f,f,f,f,f,f,f,f,f,f,f,f,f,f,f,f,f,f,f,f,f,f,f,f,f,f,f,f,f,f,f,f,f,f,f,f,f,f,f,f,f,f,f,f,f,f,f,f,f,f,f,f,f,f,f,f,f,f,f,f,f,f,w,f,f,w,f,f,f,w,f,f,w,w,w,w,f,f,f,w,w,f,f,f,f,w,f,f,f
f,f,f,f,f,f,f,f,f,f,f,f,f,f,f,f,f,f,f,f,f,f,f,f,f,f,f,f,f,f,f,f,f,f,f,f,f,f,f,f,f,f,f,f,f,f,f,f,f,f,f,f,f,f,f,f,f,f,f,f,f,f,f,f,f,f,f,f,f,f,f,f,f,w,f,f,w,f,f,f,w,f,f,f,f,w,f,f,f,w,w,w,w,w,f,f,w,f,f,f
f,f,f,f,f,f,f,f,f,f,f,f,f,f,f,f,f,f,f,f,f,f,f,f,f,f,f,f,f,f,f,f,f,f,f,f,f,f,f,f,f,f,f,f,f,f,f,f,f,f,f,f,f,f,f,f,f,f,f,f,f,f,f,f,f,f,f,f,f,f,f,f,f,w,f,f,w,f,f,f,w,f,f,f,f,f,f,f,f,w,f,f,f,w,f,f,w,f,f,f
f,f,f,f,f,f,f,f,f,f,f,f,f,f,f,f,f,f,f,f,f,f,f,f,f,f,f,f,f,f,f,f,f,f,f,f,f,f,f,f,f,f,f,f,f,f,f,f,f,f,f,f,f,f,f,f,f,f,f,f,f,f,f,f,f,f,f,f,f,f,f,f,f,w,f,f,w,f,f,f,w,f,f,f,f,f,f,f,f,w,f,f,f,w,f,f,w,f,f,f
f,f,f,f,f,f,f,f,f,f,f,f,f,f,f,f,f,f,f,f,f,f,f,f,f,f,f,f,f,f,f,f,f,f,f,f,f,f,f,f,f,f,f,f,f,f,f,f,f,f,f,f,f,f,f,f,f,f,f,f,f,f,f,f,f,f,f,f,f,f,f,f,f,w,f,f,w,f,f,f,w,w,w,w,f,f,w,w,w,w,f,f,f,w,f,f,w,f,f,f
f,f,f,f,f,f,f,f,f,f,f,f,f,f,f,f,f,f,f,f,f,f,f,f,f,f,f,f,f,f,f,f,f,f,f,f,f,f,f,f,f,f,f,f,f,f,f,f,f,f,f,f,f,f,f,f,f,f,f,f,f,f,f,f,f,f,f,f,f,f,f,f,f,w,f,f,w,f,f,f,f,f,f,w,f,f,w,f,f,f,f,f,f,w,f,f,w,f,f,f
f,f,f,f,f,f,f,f,f,f,f,f,f,f,f,f,f,f,f,f,f,f,f,f,f,f,f,f,f,f,f,f,f,f,f,f,f,f,f,f,f,f,f,f,f,f,f,f,f,f,f,f,f,f,f,f,f,f,f,f,f,f,f,f,f,f,f,f,f,f,f,f,f,w,f,f,w,f,f,f,f,f,f,w,f,f,w,f,f,f,f,f,f,w,f,f,w,f,f,f
f,f,f,f,f,f,f,f,f,f,f,f,f,f,f,f,f,f,f,f,f,f,f,f,f,f,f,f,f,f,f,f,f,f,f,f,f,f,f,f,f,f,f,f,f,f,f,f,f,f,f,f,f,f,f,f,f,f,f,f,f,f,f,f,f,f,f,f,f,f,f,f,f,w,f,f,w,f,f,f,f,f,f,w,f,f,w,f,f,f,f,f,f,w,f,f,w,f,f,f
f,f,f,f,f,f,f,f,f,f,f,f,f,f,f,f,f,f,f,f,f,f,f,f,f,f,f,f,f,f,f,f,f,f,f,f,f,f,f,f,f,f,f,f,f,f,f,f,f,f,f,f,f,f,f,f,f,f,f,f,f,f,f,f,f,f,f,f,f,f,f,f,f,w,f,f,w,w,w,w,w,w,w,w,f,f,w,f,f,f,f,f,f,w,f,f,w,f,f,f
f,f,f,f,f,f,f,f,f,f,f,f,f,f,f,f,f,f,f,f,f,f,f,f,f,f,f,f,f,f,f,f,f,f,f,f,f,f,f,f,f,f,f,f,f,f,f,f,f,f,f,f,f,f,f,f,f,f,f,f,f,f,f,f,f,f,f,f,f,f,f,f,f,w,f,f,f,f,f,f,f,f,f,f,f,f,w,f,f,f,f,f,f,w,f,f,w,f,f,f
f,f,f,f,f,f,f,f,f,f,f,f,f,f,f,f,f,f,f,f,f,f,f,f,f,f,f,f,f,f,f,f,f,f,f,f,f,f,f,f,f,f,f,f,f,f,f,f,f,f,f,f,f,f,f,f,f,f,f,f,f,f,f,f,f,f,f,f,f,f,f,f,f,w,f,f,f,f,f,f,f,f,f,f,f,f,w,f,f,f,f,f,f,w,f,f,w,f,f,f
f,f,f,f,f,f,f,f,f,f,f,f,f,f,f,f,f,f,f,f,f,f,f,f,f,f,f,f,f,f,f,f,f,f,f,f,f,f,f,f,f,f,f,f,f,f,f,f,f,f,f,f,f,f,f,f,f,f,f,f,f,f,f,f,f,f,f,f,f,f,f,f,f,w,w,w,w,w,w,w,w,w,w,w,w,w,w,f,f,f,f,f,f,w,f,f,w,f,f,f
f,f,f,f,f,f,f,f,f,f,f,f,f,f,f,f,f,f,f,f,f,f,f,f,f,f,f,f,f,f,f,f,f,f,f,f,f,f,f,f,f,f,f,f,f,f,f,f,f,f,f,f,f,f,f,f,f,f,f,f,f,f,f,f,f,f,f,f,f,f,f,f,f,f,f,f,f,f,f,f,f,f,f,f,f,f,f,f,f,f,f,f,f,w,f,f,w,f,f,f
f,f,f,f,f,f,f,f,f,f,f,f,f,f,f,f,f,f,f,f,f,f,f,f,f,f,f,f,f,f,f,f,f,f,f,f,f,f,f,f,f,f,f,f,f,f,f,f,f,f,f,f,f,f,f,f,f,f,f,f,f,f,f,f,f,f,f,f,f,f,f,f,f,f,f,f,f,f,f,f,f,f,f,f,f,f,f,f,f,f,f,f,f,w,f,f,w,f,f,f
f,f,f,f,f,f,f,f,f,f,f,f,f,f,f,f,f,f,f,f,f,f,f,f,f,f,f,f,f,f,f,f,f,f,f,f,f,f,f,f,f,f,f,f,f,f,f,f,f,f,f,f,f,f,f,f,f,f,f,f,f,f,f,f,f,f,f,f,f,f,f,f,f,f,f,f,f,f,f,f,f,f,f,f,f,f,f,f,f,f,f,f,f,w,f,f,w,f,f,f
f,f,f,f,f,f,f,f,f,f,f,f,f,f,f,f,f,f,f,f,f,f,f,f,f,f,f,f,f,f,f,f,f,f,f,f,f,f,f,f,f,f,f,f,f,f,f,f,f,f,f,f,f,f,f,f,f,f,f,f,f,f,f,f,f,f,f,f,f,f,f,f,f,f,f,f,f,f,f,f,w,w,w,w,w,w,w,w,w,w,f,f,f,w,f,f,w,f,f,f
f,f,f,f,f,f,f,f,f,f,f,f,f,f,f,f,f,f,f,f,f,f,f,f,f,f,f,f,f,f,f,f,f,f,f,f,f,f,f,f,f,f,f,f,f,f,f,f,f,f,f,f,f,f,f,f,f,f,f,f,f,f,f,f,f,f,f,f,f,f,f,f,f,f,f,f,f,f,f,f,w,f,f,f,f,f,f,f,f,w,f,f,f,w,f,f,w,f,f,f
f,f,f,f,f,f,f,f,f,f,f,f,f,f,f,f,f,f,f,f,f,f,f,f,f,f,f,f,f,f,f,f,f,f,f,f,f,f,f,f,f,f,f,f,f,f,f,f,f,f,f,f,f,f,f,f,f,f,f,f,f,f,f,f,f,f,f,f,f,f,f,f,f,f,f,f,f,f,f,f,w,f,f,f,f,f,f,f,f,w,f,f,f,w,f,f,w,f,f,f
f,f,f,f,f,f,f,f,f,f,f,f,f,f,f,f,f,f,f,f,f,f,f,f,f,f,f,f,f,f,f,f,f,f,f,f,f,f,f,f,f,f,f,f,f,f,f,f,f,f,f,f,f,f,f,f,f,f,f,f,f,f,f,f,f,f,f,f,f,f,f,f,f,f,f,f,f,f,f,f,w,f,f,f,f,f,f,f,f,w,w,w,w,w,f,f,w,f,f,f
f,f,f,f,f,f,f,f,f,f,f,f,f,f,f,f,f,f,f,f,f,f,f,f,f,f,f,f,f,f,f,f,f,f,f,f,f,f,f,f,f,f,f,f,f,f,f,f,f,f,f,f,f,f,f,f,f,f,f,f,f,f,f,f,f,f,f,f,f,f,f,f,f,f,f,f,f,f,f,f,w,f,f,f,f,f,f,f,f,f,f,f,f,f,f,f,w,f,f,f
f,f,f,f,f,f,f,f,f,f,f,f,f,f,f,f,f,f,f,f,f,f,f,f,f,f,f,f,f,f,f,f,f,f,f,f,f,f,f,f,f,f,f,f,f,f,f,f,f,f,f,f,f,f,f,f,f,f,f,f,f,f,f,f,f,f,f,f,f,f,f,f,f,f,f,f,f,f,f,f,w,f,f,f,f,f,f,f,f,f,f,f,f,f,f,f,w,f,f,f
f,f,f,f,f,f,f,f,f,f,f,f,f,f,f,f,f,f,f,f,f,f,f,f,f,f,f,f,f,f,f,f,f,f,f,f,f,f,f,f,f,f,f,f,f,f,f,f,f,f,f,f,f,f,f,f,f,f,f,f,f,f,f,f,f,f,f,f,f,f,f,f,f,f,f,f,f,f,f,f,w,f,f,f,f,f,f,f,f,w,w,w,w,w,w,w,w,f,f,f
f,f,f,f,f,f,f,f,f,f,f,f,f,f,f,f,f,f,f,f,f,f,f,f,f,f,f,f,f,f,f,f,f,f,f,f,f,f,f,f,f,f,f,f,f,f,f,f,f,f,f,f,f,f,f,f,f,f,f,f,f,f,f,f,f,f,f,f,f,f,f,f,f,f,f,f,f,f,f,f,w,f,f,f,f,f,f,f,f,w,f,f,f,f,f,f,f,f,f,f
f,f,f,f,f,f,f,f,f,f,f,f,f,f,f,f,f,f,f,f,f,f,f,f,f,f,f,f,f,f,f,f,f,f,f,f,f,f,f,f,f,f,f,f,f,f,f,f,f,f,f,f,f,f,f,f,f,f,f,f,f,f,f,f,f,f,f,f,f,f,f,f,f,f,f,f,f,f,f,f,w,f,f,f,f,f,f,f,f,w,f,f,f,f,f,f,f,f,f,f
f,f,f,f,f,f,f,f,f,f,f,f,f,f,f,f,f,f,f,f,f,f,f,f,f,f,f,f,f,f,f,f,f,f,f,f,f,f,f,f,f,f,f,f,f,f,f,f,f,f,f,f,f,f,f,f,f,f,f,f,f,f,f,f,f,f,f,f,f,f,f,f,f,f,f,f,f,f,f,f,w,w,w,w,w,w,w,w,w,w,f,f,f,f,f,f,f,f,f,f
|,,,,,,,,,,,,,,,,,,,,,,,,,,,,,,,,,,,,,,,,,,,,,,,,,,,,,,,,,,,,,,,,,,,,,,,,,,,,,,,,,,,,,,,,,,,,,,,,,,,
,,,,,,,,,,,,,,,,,,,,,,,,,,,,,,,,,,,,,,,,,,,,,,,,,,,,,,,,,,,,,,,,,,,,,,,,,,,,,,,,,,,,,,,,,,,,,,,,,,,
,,,,,,,,,,,,,,,,,,,,,,,,,,,,,,,,,,,,,,,,,,,,,,,,,,,,,,,,,,,,,,,,,,,,,,,,,,,,,,,,,,,,,,,,,,,,,,,,,,,
,,,,,,,,,,,,,,,,,,,,,,,w,w,w,w,w,w,w,w,w,w,w,w,w,w,w,w,w,w,w,w,w,w,w,w,,,,,,,,,,,,,,,,,,,,,,,,,,,,,,,,,,,,,,,,,,,,,,,,,,,,,
,,,,,,,,,,,,,,,,,,,,,,,w,,,,,,,,,,,,,,,,,,,,,,,w,,,,,,,,,,,,,,,,,,,,,,,,,,,,,,,,,,,,,,,,,,,,,,,,,,,,,
,,,,,,,,,,,,,,,,,,,,,,,w,,,,,,,,,,,,,,,,,,,,,,,w,,,,,,,,,,,,,,,,,,,,,,,,,,,,,,,,,,,,,,,,,,,,,,,,,,,,,
,,,,,,,,,,,,,,,,,,,,,,,w,,,w,w,w,w,w,w,w,w,w,w,w,w,w,w,w,w,w,w,,,w,,,,,,,,,,,,,,,,,,,,,,,,,,,,,,,,,,,,,,,,,,,,,,,,,,,,,
,,,,,,,,,,,,,,,,,,,,,,,w,,,w,,,,,,,,,,,,,,,,,w,,,w,,,,,,,,,,,,,,,,,,,,,,,,,,,,,,,,,,,,,,,,,,,,,,,,,,,,,
,,,,,,,,,,,,,,,,,,,,,,,w,,w,w,,,,,,,,,,,,,,,,,w,,,w,,,,,,,,,,,,,,,,,,,,,,,,,,,,,,,,,,,,,,,,,,,,,,,,,,,,,
,,,,,,,,,,,,,,,,,,,,,,,w,,w,w,,,,,,,,,,,,,,,,,w,,,w,,,,,,,,,,,,,,,,,,,,,,,,,,,,,,,,,,,,,,,,,,,,,,,,,,,,,
w,w,w,w,w,w,w,w,w,w,,,,,,,,,,,w,w,w,w,,,w,w,w,w,,,,,,,,,,,w,w,w,w,,,w,w,w,w,,,,,,,,,,,,,,,,,,,,,,,,,,,,,,,,,,,,,,,,,,,,,,,,,,
w,,,,,,,,,w,,,,,,,,,,,w,,,,,,,,,w,,,,,,,,,,,w,,,,,,,,,w,,,,,,,,,,,,,,,,,,,,,,,,,,,,,,,,,,,,,,,,,,,,,,,,,,
w,,,,,,,,,w,,,,,,,,,,,w,,,,,,,,,w,,,,,,,,,,,w,,,,,,,,,w,,,,,,,,,,,,,,,,,,,,,,,,,,,,,,,,,,,,,,,,,,,,,,,,,,
w,,,,,,,,,w,w,w,w,w,w,w,w,w,w,w,w,,,,,,,,,w,,,,w,w,w,w,w,w,w,w,,,,,,,,,w,,,,,,,,,,,,,,,,,,,,,,,,,,,,,,,,,,,,,,,,,,,,,,,,,,
w,,,,w,w,,,,,,,,,,,,,,,,,,,,,,,,w,,,,w,,,,,,,,,,,,,,,,w,,,,,,,,,,,,,,,,,,,,,,,,,,,,,,,,,,,,,,,,,,,,,,,,,,
w,,,w,w,w,w,,,,w,w,,,,,,,,,,,,,,,,,,w,,,,w,,,,,,,,,,,,,,,,w,,,,,,,,,,,,,,,,,,,,,,,,,,,,,,,,,,,,,,,,,,,,,,,,,,
w,,,,,w,,,,w,w,w,w,w,w,w,w,w,w,w,w,,,,,,,,,w,,,,w,,,w,w,w,w,w,,,,,,,,,w,,,,,,,,,,,,,,,,,,,,,,,,,,,,,,,,,,,,,,,,,,,,,,,,,,
w,,,,,,,,,w,,,,,,,,,,,w,,,,,,,,,w,,,,w,,,w,,,,w,,,,,,,,,w,,,,,,,,,,,,,,,,,,,,,,,,,,,,,,,,,,,,,,,,,,,,,,,,,,
w,,,,,,,,,w,,,,,,,,,,,w,,,,,,,,,w,,,,w,,w,w,,,,w,,,,,,,,,w,,,,,,,,,,,,,,,,,,,,,,,,,,,,,,,,,,,,,,,,,,,,,,,,,,
w,w,w,w,w,w,w,w,w,w,,,,,,,,,,,w,w,w,w,w,w,w,w,w,w,,,,w,,w,w,,,,w,w,w,w,w,w,w,w,w,w,,,,,,,,,,,,,,,,,,,,,,,,,,,,,,,,,,,,,,,,,,,,,,,,,,
,,,,,,,,,,,,,,,,,,,,,,,,,,,,,,,,,w,,,w,,,,,,,,,,,,,,,,,,,,,,,,,,,,,,,,,,,,,,,,,,,,,,,,,,,,,,,,,,,,,,,
,,,,,,,,,,,,,,,,,,,,,,,,,,,,,,,,,w,,,w,,,,,,,,,,,,,,,,,,,,,,,,,,,,,,,,,,,,,,,,,,,,,,,,,,,,,,,,,,,,,,,
,,,,,,,,,,,,,,,,,,,,,,,,,,,,,,,,,w,,,w,,,,,,,,,,,,,,,,,,,,,,,,,,,,,,,,,,,,,,,,,,,,,,,,,,,,,,,,,,,,,,,
,,,,,,,,,,,,,,,,,,,,,,,,,,,,,,,,,w,,,w,,,,,,,w,w,w,w,w,w,w,w,w,w,w,w,w,w,w,w,w,w,w,w,w,w,w,w,,,,,,,,,,,,,,,,,,,,,,,,,,,,,,,,,
,,,,,,,,,,,,,,,,,,,,,,,,,,,,,,,,,w,,,w,,,,,,,w,,,,,,,,,,,,,,,,,,,,,,,w,,,,,,,,,,,,,,,,,,,,,,,,,,,,,,,,,
,,,,,,,,,,,,,,,,,,,,,,,,,,,,,,,,,w,,,w,,,,,,,w,,,,,,,,,,,,,,,,,,,,,,,w,,,,,,,,,,,,,,,,,,,,,,,,,,,,,,,,,
,,,,,,,,,,,,,,,,,,,,,,,,,,,,,,,,,w,,,w,,,,,,,w,,,w,w,w,w,w,w,w,w,w,w,w,w,w,w,w,w,w,w,,,w,,,,,,,,,,,,,,,,,,,,,,,,,,,,,,,,,
,,,,,,,,,,,,,,,,,,,,,,,,,,,,,,,,,w,,,w,,,,,,,w,,,w,,,,,,,,,,,,,,,,,w,,,w,,,,,,,,,,,,,,,,,,,,,,,,,,,,,,,,,
,,,,,,,,,,,,,,,,,,,,,,,,,,,,,,,,,w,,,w,,,,,,,w,,w,w,,,,,,,,,,,,,,,,,w,,,w,,,,,,,,,,,,,,,,,,,,,,,,,,,,,,,,,
,,,,,,,,,,,,,,,,,,,,,,,,,,,,,,,,,w,,,w,,,,,,,w,,w,w,,,,,,,,,,,,,,,,,w,,,w,,,,,,,,,,,,,,,,,,,,,,,,,,,,,,,,,
,,,,,,,,,,,,,,,,,,,,,,,,,,,,,,,,,w,,,w,,,,w,w,w,w,,,w,w,w,w,,,,,,,,,,,w,w,w,w,,,w,w,w,w,,,,,,,,,,,,,,,,,,,,,,,,,,,,,,
,,,,,,,,,,,,,,,,,,,,,,,,,,,,,,,,,w,,,w,,,,w,,,,,,,,,w,,,,,,,,,,,w,,,,,,,,,w,,,,,,,,,,,,,,,,,,,,,,,,,,,,,,
,,,,,,,,,,,,,,,,,,,,,,,,,,,,,,,,,w,,,w,,,,w,,,,,,,,,w,,,,,,,,,,,w,,,,,,,,,w,,,,,,,,,,,,,,,,,,,,,,,,,,,,,,
,,,,,,,,,,,,,,,,,,,,,,,,,,,,,,,,,w,,,w,w,w,w,w,,,,,,,,,w,,,,w,w,w,w,w,w,w,w,,,,,,,,,w,,,,,,,,,,,,,,,,,,,,,,,,,,,,,,
,,,,,,,,,,,,,,,,,,,,,,,,,,,,,,,,,w,,,,,,,,,,,,,,,,w,,,,w,,,,,,,,,,,,,,,,w,,,,,,,,,,,,,,,,,,,,,,,,,,,,,,
,,,,,,,,,,,,,,,,,,,,,,,,,,,,,,,,,w,,,,,,,,,,,,,,,,w,,,,w,,,,,,,,,,,,,,,,w,,,,,,,,,,,,,,,,,,,,,,,,,,,,,,
,,,,,,,,,,,,,,,,,,,,,,,,,,,,,,,,,w,w,w,w,w,w,w,w,,,,,,,,,w,,,,w,,,w,w,w,w,w,,,,,,,,,w,,,,,,,,,,,,,,,,,,,,,,,,,,,,,,
,,,,,,,,,,,,,,,,,,,,,,,,,,,,,,,,,,,,,,,,w,,,,,,,,,w,,,,w,,,w,,,,w,,,,,,,,,w,,,,,,,,,,,,,,,,,,,,,,,,,,,,,,
,,,,,,,,,,,,,,,,,,,,,,,,,,,,,,,,,,,,,,,,w,,,,,,,,,w,,,,w,,,w,,,,w,,,,,,,,,w,,,,,,,,,,,,,,,,,,,,,,,,,,,,,,
,,,,,,,,,,,,,,,,,,,,,,,,,,,,,,,,,,,,,,,,w,w,w,w,w,w,w,w,w,w,,,,w,,,w,,,,w,w,w,w,,,w,w,w,w,,,,,,,,,,,,,,,,,,,,,,,,,,,,,,
,,,,,,,,,,,,,,,,,,,,,,,,,,,,,,,,,,,,,,,,,,,,,,,,,,,,,w,,,w,,,,,,,w,,,w,,,,,,,,,,,,,,,,,,,,,,,,,,,,,,,,,
,,,,,,,,,,,,,,,,,,,,,,,,,,,,,,,,,,,,,,,,,,,,,,,,,,,,,w,,,w,,,,,,,w,,,w,,,,,,,,,,,,,,,,,,,,,,,,,,,,,,,,,
,,,,,,,,,,,,,,,,,,,,,,,,,,,,,,,,,,,,,,,,,,,,,,,,,,,,,w,,,w,,,,,,,w,,,w,,,,,,,,,,,,,,,,,,,,,,,,,,,,,,,,,
,,,,,,,,,,,,,,,,,,,,,,,,,,,,,,,,,,,,,,,,,,,,,,,,,,,,,w,,,w,,,,,,,w,,,w,,,,,,,,,,,,,,,,,,,,,,,,,,,,,,,,,
,,,,,,,,,,,,,,,,,,,,,,,,,,,,,,,,,,,,,,,,,,,,,,,,,,,,,w,,,w,,,,,,,w,,,w,,,,,,,,,,,,,,,,,,,,,,,,,,,,,,,,,
,,,,,,,,,,,,,,,,,,,,,,,,,,,,,,,,,,,,,,,,,,,,,,,,,,,,,w,,,w,,,,,,,w,,,w,,,,,,,,,,,,,,,,,,,,,,,,,,,,,,,,,
,,,,,,,,,,,,,,,,,,,,,,,,,,,,,,,,,,,,,,,,,,,,,,,,,,,,,w,,,w,,,,,,,w,,,w,,,,,,,,,,,,,,,,,,,,,,,,,,,,,,,,,
,,,,,,,,,,,,,,,,,,,,,,,,,,,,,,,,,,,,,,,,,,,,,,,,,,,,,w,,,w,,,,,,,w,,,w,,,,,,,,,,,,,,,,,,,,,,,,,,,,,,,,,
,,,,,,,,,,,,,,,,,,,,,,,,,,,,,,,,,,,,,,,,,,,,,,,,,,,,,w,,,w,,,,,,,w,,w,w,,,,,,,,,,,,,,,,,,,,,,,,,,,,,,,,,
,,,,,,,,,,,,,,,,,,,,,,,,,,,,,,,,,,,,,,,,,,,,,,,,,,,,,w,,,w,,,,,,,w,,w,w,,,,,,,,,,,,,,,,,,,,,,,,,,,,,,,,,
,,,,,,,,,,,,,,,,,,,,,,,,,,,,,,,,,,,,,,,,,,,,,,,,,,,,,w,,,w,,,,w,w,w,w,,,w,w,w,w,,,,,,,,,,,w,w,w,w,w,w,w,w,w,w,,,,,,,,,,
,,,,,,,,,,,,,,,,,,,,,,,,,,,,,,,,,,,,,,,,,,,,,,,,,,,,,w,,,w,,,,w,,,,,,,,,w,,,,,,,,,,,w,,,,,,,,,w,,,,,,,,,,
,,,,,,,,,,,,,,,,,,,,,,,,,,,,,,,,,,,,,,,,,,,,,,,,,,,,,w,,,w,,,,w,,,,,,,,,w,,,,,,,,,,,w,,,,,,,,,w,,,,,,,,,,
,,,,,,,,,,,,,,,,,,,,,,,,,,,,,,,,,,,,,,,,,,,,,,,,,,,,,w,,,w,,,,w,,,,,,,,,w,w,w,w,w,w,w,w,w,w,w,w,,,,,,,,,w,,,,,,,,,,
,,,,,,,,,,,,,,,,,,,,,,,,,,,,,,,,,,,,,,,,,,,,,,,,,,,,,w,,,w,,,,w,,,,w,w,,,,,,,,,,,,,,,,,,,,,,,,w,,,,,,,,,,
,,,,,,,,,,,,,,,,,,,,,,,,,,,,,,,,,,,,,,,,,,,,,,,,,,,,,w,,,w,,,,w,,,w,w,w,w,,,,w,w,,,,,,,,,,,,,,,,,,w,,,,,,,,,,
,,,,,,,,,,,,,,,,,,,,,,,,,,,,,,,,,,,,,,,,,,,,,,,,,,,,,w,,,w,,,,w,,,,,w,,,,w,w,w,w,w,w,w,w,w,w,w,w,,,,,,,,,w,,,,,,,,,,
,,,,,,,,,,,,,,,,,,,,,,,,,,,,,,,,,,,,,,,,,,,,,,,,,,,,,w,,,w,,,,w,,,,,,,,,w,,,,,,,,,,,w,,,,,,,,,w,,,,,,,,,,
,,,,,,,,,,,,,,,,,,,,,,,,,,,,,,,,,,,,,,,,,,,,,,,,,,,,,w,,,w,,,,w,,,,,,,,,w,,,,,,,,,,,w,,,,,,,,,w,,,,,,,,,,
,,,,,,,,,,,,,,,,,,,,,,,,,,,,,,,,,,,,,,,,,,,,,,,,,,,,,w,,,w,,,,w,w,w,w,,,w,w,w,w,,,,,,,,,,,w,w,w,w,w,w,w,w,w,w,,,,,,,,,,
,,,,,,,,,,,,,,,,,,,,,,,,,,,,,,,,,,,,,,,,,,,,,,,,,,,,,w,,,w,,,,,,,w,,,w,,,,,,,,,,,,,,,,,,,,,,,,,,,,,,,,,
,,,,,,,,,,,,,,,,,,,,,,,,,,,,,,,,,,,,,,,,,,,,,,,,,,,,,w,,,w,,,,,,,w,,,w,,,,,,,,,,,,,,,,,,,,,,,,,,,,,,,,,
,,,,,,,,,,,,,,,,,,,,,,,,,,,,,,,,,,,,,,,,,,,,,,,,,,,,,w,,,w,,,,,,,w,,,w,,,,,,,,,,,,,,,,,,,,,,,,,,,,,,,,,
,,,,,,,,,,,,,,,,,,,,,,,,,,,,,,,,,w,w,w,w,w,w,w,w,w,w,w,w,w,w,w,w,w,w,w,w,w,,,w,,,,,,,w,,,w,,,,,,,,,,,,,,,,,,,,,,,,,,,,,,,,,
,,,,,,,,,,,,,,,,,,,,,,,,,,,,,,,,,w,,,,,,,,,,,,,,,,,,,,,,,w,,,,,,,w,,,w,,,,,,,,,,,,,,,,,,,,,,,,,,,,,,,,,
,,,,,,,,,,,,,,,,,,,,,,,,,,,,,,,,,w,,,,,,,,,,,,,,,,,,,,,,,w,,,,,,,w,,,w,,,,,,,,,,,,,,,,,,,,,,,,,,,,,,,,,
,,,,,,,,,,,,,,,,,,,,,,,,,,,,,,,,,w,,,w,w,w,w,w,w,w,w,w,w,w,w,w,w,w,w,w,w,w,w,w,,,,,,,w,,,w,,,,,,,,,,,,,,,,,,,,,,,,,,,,,,,,,
,,,,,,,,,,,,,,,,,,,,,,,,,,,,,,,,,w,,,w,,,,,,,,,,,,,,,,,,,,,,,,,,,w,,,w,,,,,,,,,,,,,,,,,,,,,,,,,,,,,,,,,
,,,,,,,,,,,,,,,,,,,,,,,,,,,,,,,,,w,,w,w,,,,,,,,,,,,,,,,,,,,,,,,,,,w,,w,w,,,,,,,,,,,,,,,,,,,,,,,,,,,,,,,,,
,,,,,,,,,,,,,,,,,,,,,,,,,,,,,,,,,w,,w,w,,,,,,,,,,,,,,,,,,,,,,,,,,,w,,w,w,,,,,,,,,,,,,,,,,,,,,,,,,,,,,,,,,
,,,,,,,,,,,,,,,,,,,,,,,,,,,,,,,,,w,,,w,,,,w,w,w,w,w,w,w,w,w,w,,,,,,,,,,,w,w,w,w,,,w,w,w,w,,,,,,,,,,,,,,,,,,,,,,,,,,,,,,
,,,,,,,,,,,,,,,,,,,,,,,,,,,,,,,,,w,,,w,,,,w,,,,,,,,,w,,,,,,,,,,,w,,,,,,,,,w,,,,,,,,,,,,,,,,,,,,,,,,,,,,,,
,,,,,,,,,,,,,,,,,,,,,,,,,,,,,,,,,w,,,w,,,,w,,,,,,,,,w,,,,,,,,,,,w,,,,,,,,,w,,,,,,,,,,,,,,,,,,,,,,,,,,,,,,
,,,,,,,,,,,,,,,,,,,,,,,,,,,,,,,,,w,,,w,,,,w,,,,,,,,,w,w,w,w,w,w,w,w,w,w,w,w,,,,,,,,,w,,,,,,,,,,,,,,,,,,,,,,,,,,,,,,
,,,,,,,,,,,,,,,,,,,,,,,,,,,,,,,,,w,,,w,,,,w,,,,,,,,,,,,,,,,,,,,,,,,,,,,,w,,,,,,,,,,,,,,,,,,,,,,,,,,,,,,
,,,,,,,,,,,,,,,,,,,,,,,,,,,,,,,,,w,,,w,,,,w,,,,,,,,,,w,w,,,,,,,,,,,,,,,,,,w,,,,,,,,,,,,,,,,,,,,,,,,,,,,,,
,,,,,,,,,,,,,,,,,,,,,,,,,,,,,,,,,w,,,w,,,,w,,,,,,,,,w,w,w,w,w,w,w,w,w,w,w,w,,,,,,,,,w,,,,,,,,,,,,,,,,,,,,,,,,,,,,,,
,,,,,,,,,,,,,,,,,,,,,,,,,,,,,,,,,w,,,w,,,,w,,,,,,,,,w,,,,,,,,,,,w,,,,,,,,,w,,,,,,,,,,,,,,,,,,,,,,,,,,,,,,
,,,,,,,,,,,,,,,,,,,,,,,,,,,,,,,,,w,,,w,,,,w,,,,,,,,,w,,,,,,,,,,,w,,,,,,,,,w,,,,,,,,,,,,,,,,,,,,,,,,,,,,,,
,,,,,,,,,,,,,,,,,,,,,,,,,,,,,,,,,w,,,w,,,,w,w,w,w,w,w,w,w,w,w,,,,,,,,,,,w,w,w,w,,,w,w,w,w,,,,,,,,,,,,,,,,,,,,,,,,,,,,,,
,,,,,,,,,,,,,,,,,,,,,,,,,,,,,,,,,w,,,w,,,,,,,,,,,,,,,,,,,,,,,,,,,w,,,w,,,,,,,,,,,,,,,,,,,,,,,,,,,,,,,,,
,,,,,,,,,,,,,,,,,,,,,,,,,,,,,,,,,w,,,w,,,,,,,,,,,,,,,,,,,,,,,,,,,w,,,w,,,,,,,,,,,,,,,,,,,,,,,,,,,,,,,,,
,,,,,,,,,,,,,,,,,,,,,,,,,,,,,,,,,w,,,w,,,,,,,,,,,,,,,,,,,,,,,,,,,w,,,w,,,,,,,,,,,,,,,,,,,,,,,,,,,,,,,,,
,,,,,,,,,,,,,,,,,,,,,,,,,,,,,,,,,w,,,w,w,w,w,w,w,w,w,w,w,w,,,,,,,,,,,,,,,,,w,,,w,,,,,,,,,,,,,,,,,,,,,,,,,,,,,,,,,
,,,,,,,,,,,,,,,,,,,,,,,,,,,,,,,,,w,,,,,,,,,,,,,w,,,,,,,,,,,,,,,,,w,,,w,,,,,,,,,,,,,,,,,,,,,,,,,,,,,,,,,
,,,,,,,,,,,,,,,,,,,,,,,,,,,,,,,,,w,,,,,,,,,,,,,w,,,,,,,,,,,,,,,,,w,,,w,,,,,,,,,,,,,,,,,,,,,,,,,,,,,,,,,
,,,,,,,,,,,,,,,,,,,,,,,,,,,,,,,,,w,w,w,w,w,w,w,w,w,w,w,,,w,,,,,,,,,,,,,,,,,w,,,w,,,,,,,,,,,,,,,,,,,,,,,,,,,,,,,,,
,,,,,,,,,,,,,,,,,,,,,,,,,,,,,,,,,,,,,,,,,,,w,,,w,,,,,,,,,,,,,,,,,w,,,w,,,,,,,,,,,,,,,,,,,,,,,,,,,,,,,,,
,,,,,,,,,,,,,,,,,,,,,,,,,,,,,,,,,,,,,,,,,,,w,,,w,,,,,,,,,,,,,,,,,w,,w,w,,,,,,,,,,,,,,,,,,,,,,,,,,,,,,,,,
,,,,,,,,,,,,,,,,,,,,,,,,,,,,,,,,,,,,,,,,,,,w,,,w,,,,,,,,,,,,,,,,,w,,w,w,,,,,,,,,,,,,,,,,,,,,,,,,,,,,,,,,
,,,,,,,,,,,,,,,,,,,,,,,,,,,,,,,,,,,,,,,,w,w,w,w,,,w,w,w,w,,,,,,,,,,,w,w,w,w,,,w,w,w,w,,,,,,,,,,,w,w,w,w,w,w,w,w,w,w,,,,,,,,,,
,,,,,,,,,,,,,,,,,,,,,,,,,,,,,,,,,,,,,,,,w,,,,,,,,,w,,,,,,,,,,,w,,,,,,,,,w,,,,,,,,,,,w,,,,,,,,,w,,,,,,,,,,
,,,,,,,,,,,,,,,,,,,,,,,,,,,,,,,,,,,,,,,,w,,,,,,,,,w,,,,,,,,,,,w,,,,,,,,,w,,,,,,,,,,,w,,,,,,,,,w,,,,,,,,,,
,,,,,,,,,,,,,,,,,,,,,,,,,,,,,,,,,w,w,w,w,w,w,w,w,,,,,,,,,w,,,,,,,,,,,w,,,,,,,,,w,w,w,w,w,w,w,w,w,w,w,w,,,,,,,,,w,,,,,,,,,,
,,,,,,,,,,,,,,,,,,,,,,,,,,,,,,,,,w,,,,,,,,,,,,,,,,w,,,,,,,,,,,w,,,,,,,,,,,,,,,,,,,,,,,,,,,,,w,,,,,,,,,,
,,,,,,,,,,,,,,,,,,,,,,,,,,,,,,,,,w,,,,,,,,,,,,,,,,w,,,,,,,,,,,w,,,,,,,,,,w,w,,,,,,,,,,,,,,,,,,w,,,,,,,,,,
,,,,,,,,,,,,,,,,,,,,,,,,,,,,,,,,,w,,,w,w,w,w,w,,,,,,,,,w,,,,,,,,,,,w,,,,,,,,,w,w,w,w,w,w,w,w,w,w,w,w,,,,,,,,,w,,,,,,,,,,
,,,,,,,,,,,,,,,,,,,,,,,,,,,,,,,,,w,,,w,,,,w,,,,,,,,,w,,,,,,,,,,,w,,,,,,,,,w,,,,,,,,,,,w,,,,,,,,,w,,,,,,,,,,
,,,,,,,,,,,,,,,,,,,,,,,,,,,,,,,,,w,,,w,,,,w,,,,,,,,,w,,,,,,,,,,,w,,,,,,,,,w,,,,,,,,,,,w,,,,,,,,,w,,,,,,,,,,
,,,,,,,,,,,,,,,,,,,,,,,,,,,,,,,,,w,,,w,,,,w,w,w,w,,,w,w,w,w,,,,,,,,,,,w,w,w,w,,,w,w,w,w,,,,,,,,,,,w,w,w,w,,,w,w,w,w,,,,,,,,,,
,,,,,,,,,,,,,,,,,,,,,,,,,,,,,,,,,w,,,w,,,,,,,w,,,w,,,,,,,,,,,,,,,,,w,,,w,,,,,,,,,,,,,,,,,w,,,w,,,,,,,,,,,,,
,,,,,,,,,,,,,,,,,,,,,,,,,,,,,,,,,w,,,w,,,,,,,w,,,w,,,,,,,,,,,,,,,,,w,,,w,,,,,,,,,,,,,,,,,w,,,w,,,,,,,,,,,,,
,,,,,,,,,,,,,,,,,,,,,,,,,,,,,,,,,w,,,w,,,,,,,w,,,w,,,,,,,,,,,,,,,,,w,,,w,,,,,,,,,,,,,,,,,w,,,w,,,,,,,,,,,,,
,,,,,,,,,,,,,w,w,w,w,w,w,w,w,w,w,w,w,w,w,w,w,w,w,w,w,w,,,w,,,,,,,w,,,w,,,,,,,,,,,,,,,,,w,,,w,,,,,,,,,,,,,,,,,w,,,w,,,,,,,,,,,,,
,,,,,,,,,,,,,w,,,,,,,,,,,,,,,,,,,,,,,w,,,,,,,w,,,w,,,,,,,,,,,,,,,,,w,,,w,,,,,,,,,,,,,,,,,w,,,w,,,,,,,,,,,,,
,,,,,,,,,,,,,w,,,,,,,,,,,,,,,,,,,,,,,w,,,,,,,w,,,w,,,,,,,,,,,,,,,,,w,,,w,,,,,,,,,,,,,,,,,w,,,w,,,,,,,,,,,,,
,,,,,,,,,,,,,w,,,w,w,w,w,w,w,w,w,w,w,w,w,w,w,w,w,w,w,w,w,w,,,,,,,w,,,w,,,,,,,,,,,,,,,,,w,,,w,,,,,,,,,,,,,,,,,w,,,w,,,,,,,,,,,,,
,,,,,,,,,,,,,w,,,w,,,,,,,,,,,,,,,,,,,,,,,,,,,w,,,w,,,,,,,,,,,,,,,,,w,,,w,,,,,,,,,,,,,,,,,w,,,w,,,,,,,,,,,,,
,,,,,,,,,,,,,w,,w,w,,,,,,,,,,,,,,,,,,,,,,,,,,,w,,w,w,,,,,,,,,,,,,,,,,w,,w,w,,,,,,,,,,,,,,,,,w,,w,w,,,,,,,,,,,,,
,,,,,,,,,,,,,w,,w,w,,,,,,,,,,,,,,,,,,,,,,,,,,,w,,w,w,,,,,,,,,,,,,,,,,w,,w,w,,,,,,,,,,,,,,,,,w,,w,w,,,,,,,,,,,,,
,,,,,,,,,,,,,w,,,w,,,,w,w,w,w,w,w,w,w,w,w,,,,,,,,,,,w,w,w,w,,,w,w,w,w,,,,,,,,,,,w,w,w,w,,,w,w,w,w,,,,,,,,,,,w,w,w,w,,,w,w,w,w,,,,,,,,,,
,,,,,,,,,,,,,w,,,w,,,,w,,,,,,,,,w,,,,,,,,,,,w,,,,,,,,,w,,,,,,,,,,,w,,,,,,,,,w,,,,,,,,,,,w,,,,,,,,,w,,,,,,,,,,
,,,,,,,,,,,,,w,,,w,,,,w,,,,,,,,,w,,,,,,,,,,,w,,,,,,,,,w,,,,,,,,,,,w,,,,,,,,,w,,,,,,,,,,,w,,,,,,,,,w,,,,,,,,,,
,,,,,,,,,,,,,w,,,w,,,,w,,,,,,,,,w,w,w,w,w,w,w,w,w,w,w,w,,,,,,,,,w,w,w,w,w,w,w,w,w,w,w,w,,,,,,,,,w,w,w,w,w,w,w,w,w,w,w,w,,,,,,,,,w,,,,,,,,,,
,,,,,,,,,,,,,w,,,w,,,,w,,,,,,,,,,,,,,,,,,,,,,,,,,,,,,,,,,,,,,,,,,,,,,,,,,,,,,,,,,,,,,,,,,,,,w,,,,,,,,,,
,,,,,,,,,,,,,w,,,w,,,,w,,,,,,,,,,w,w,,,,,,,,,,,,,,,,,,,w,w,,,,,,,,,,,,,,,,,,,w,w,,,,,,,,,,,,,,,,,,w,,,,,,,,,,
,,,,,,,,,,,,,w,,,w,,,,w,,,,,,,,,w,w,w,w,w,w,w,w,w,w,w,w,,,,,,,,,w,w,w,w,w,w,w,w,w,w,w,w,,,,,,,,,w,w,w,w,w,w,w,w,w,w,w,w,,,,,,,,,w,,,,,,,,,,
,,,,,,,,,,,,,w,,,w,,,,w,,,,,,,,,w,,,,,,,,,,,w,,,,,,,,,w,,,,,,,,,,,w,,,,,,,,,w,,,,,,,,,,,w,,,,,,,,,w,,,,,,,,,,
,,,,,,,,,,,,,w,,,w,,,,w,,,,,,,,,w,,,,,,,,,,,w,,,,,,,,,w,,,,,,,,,,,w,,,,,,,,,w,,,,,,,,,,,w,,,,,,,,,w,,,,,,,,,,
,,,,,,,,,,,,,w,,,w,,,,w,w,w,w,w,w,w,w,w,w,,,,,,,,,,,w,w,w,w,w,w,w,w,w,w,,,,,,,,,,,w,w,w,w,w,w,w,w,w,w,,,,,,,,,,,w,w,w,w,,,w,w,w,w,,,,,,,,,,
,,,,,,,,,,,,,w,,,w,,,,,,,,,,,,,,,,,,,,,,,,,,,,,,,,,,,,,,,,,,,,,,,,,,,,,,,,,,,,,,,,,,,w,,,w,,,,,,,,,,,,,
,,,,,,,,,,,,,w,,,w,,,,,,,,,,,,,,,,,,,,,,,,,,,,,,,,,,,,,,,,,,,,,,,,,,,,,,,,,,,,,,,,,,,w,,,w,,,,,,,,,,,,,
,,,,,,,,,,,,,w,,,w,,,,,,,,,,,,,,,,,,,,,,,,,,,,,,,,,,,,,,,,,,,,,,,,,,,,,,,,,,,,,,,,,,,w,,,w,,,,,,,,,,,,,
,,,,,,,,,,,,,w,,,w,w,w,w,w,w,w,w,w,w,w,w,w,w,w,w,w,w,w,w,w,w,w,w,w,w,w,w,w,w,w,w,w,w,w,w,w,w,w,w,w,w,w,w,w,w,w,w,w,w,w,w,w,w,w,w,w,w,w,w,w,,,,,,,w,,,w,,,,,,,,,,,,,
,,,,,,,,,,,,,w,,,,,,,,,,,,,,,,,,,,,,,,,,,,,,,,,,,,,,,,,,,,,,,,,,,,,,,,,,,,,,,w,,,,,,,w,,,w,,,,,,,,,,,,,
,,,,,,,,,,,,,w,,,,,,,,,,,,,,,,,,,,,,,,,,,,,,,,,,,,,,,,,,,,,,,,,,,,,,,,,,,,,,,w,,,,,,,w,,,w,,,,,,,,,,,,,
,,,,,,,,,,,,,w,w,w,w,w,w,w,w,w,w,w,w,w,w,w,w,w,w,w,w,w,w,w,w,w,w,w,w,w,w,w,w,w,w,w,w,w,w,w,w,w,w,w,w,w,w,w,w,w,w,w,w,w,w,w,w,w,w,w,w,w,,,w,,,,,,,w,,,w,,,,,,,,,,,,,
,,,,,,,,,,,,,,,,,,,,,,,,,,,,,,,,,,,,,,,,,,,,,,,,,,,,,,,,,,,,,,,,,,,,,,,,,w,,,w,,,,,,,w,,,w,,,,,,,,,,,,,
,,,,,,,,,,,,,,,,,,,,,,,,,,,,,,,,,,,,,,,,,,,,,,,,,,,,,,,,,,,,,,,,,,,,,,,,,w,,,w,,,,,,,w,,w,w,,,,,,,,,,,,,
,,,,,,,,,,,,,,,,,,,,,,,,,,,,,,,,,,,,,,,,,,,,,,,,,,,,,,,,,,,,,,,,,,,,,,,,,w,,,w,,,,,,,w,,w,w,,,,,,,,,,,,,
,,,,,,,,,,,,,,,,,,,,,,,,,,,,,,,,,,,,,,,,,,,,,,,,,,,,,,,,,,,,,,,,,,,,,,,,,w,,,w,,,,w,w,w,w,,,w,w,w,w,,,,,,,,,,
,,,,,,,,,,,,,,,,,,,,,,,,,,,,,,,,,,,,,,,,,,,,,,,,,,,,,,,,,,,,,,,,,,,,,,,,,w,,,w,,,,w,,,,,,,,,w,,,,,,,,,,
,,,,,,,,,,,,,,,,,,,,,,,,,,,,,,,,,,,,,,,,,,,,,,,,,,,,,,,,,,,,,,,,,,,,,,,,,w,,,w,,,,w,,,,,,,,,w,,,,,,,,,,
,,,,,,,,,,,,,,,,,,,,,,,,,,,,,,,,,,,,,,,,,,,,,,,,,,,,,,,,,,,,,,,,,,,,,,,,,w,,,w,,,,w,,,,,,,,,w,w,w,w,w,w,w,w,,,
,,,,,,,,,,,,,,,,,,,,,,,,,,,,,,,,,,,,,,,,,,,,,,,,,,,,,,,,,,,,,,,,,,,,,,,,,w,,,w,,,,w,,,,w,w,,,,,,,,,,,w,,,
,,,,,,,,,,,,,,,,,,,,,,,,,,,,,,,,,,,,,,,,,,,,,,,,,,,,,,,,,,,,,,,,,,,,,,,,,w,,,w,,,,w,,,w,w,w,w,,,,w,w,,,,,w,,,
,,,,,,,,,,,,,,,,,,,,,,,,,,,,,,,,,,,,,,,,,,,,,,,,,,,,,,,,,,,,,,,,,,,,,,,,,w,,,w,,,,w,,,,,w,,,,w,w,w,w,w,,,w,,,
,,,,,,,,,,,,,,,,,,,,,,,,,,,,,,,,,,,,,,,,,,,,,,,,,,,,,,,,,,,,,,,,,,,,,,,,,w,,,w,,,,w,,,,,,,,,w,,,,w,,,w,,,
,,,,,,,,,,,,,,,,,,,,,,,,,,,,,,,,,,,,,,,,,,,,,,,,,,,,,,,,,,,,,,,,,,,,,,,,,w,,,w,,,,w,,,,,,,,,w,,,,w,,,w,,,
,,,,,,,,,,,,,,,,,,,,,,,,,,,,,,,,,,,,,,,,,,,,,,,,,,,,,,,,,,,,,,,,,,,,,,,,,w,,,w,,,,w,w,w,w,,,w,w,w,w,,,,w,,,w,,,
,,,,,,,,,,,,,,,,,,,,,,,,,,,,,,,,,,,,,,,,,,,,,,,,,,,,,,,,,,,,,,,,,,,,,,,,,w,,,w,,,,,,,w,,,w,,,,,,,w,,,w,,,
,,,,,,,,,,,,,,,,,,,,,,,,,,,,,,,,,,,,,,,,,,,,,,,,,,,,,,,,,,,,,,,,,,,,,,,,,w,,,w,,,,,,,w,,,w,,,,,,,w,,,w,,,
,,,,,,,,,,,,,,,,,,,,,,,,,,,,,,,,,,,,,,,,,,,,,,,,,,,,,,,,,,,,,,,,,,,,,,,,,w,,,w,,,,,,,w,,,w,,,,,,,w,,,w,,,
,,,,,,,,,,,,,,,,,,,,,,,,,,,,,,,,,,,,,,,,,,,,,,,,,,,,,,,,,,,,,,,,,,,,,,,,,w,,,w,w,w,w,w,w,w,w,,,w,,,,,,,w,,,w,,,
,,,,,,,,,,,,,,,,,,,,,,,,,,,,,,,,,,,,,,,,,,,,,,,,,,,,,,,,,,,,,,,,,,,,,,,,,w,,,,,,,,,,,,,w,,,,,,,w,,,w,,,
,,,,,,,,,,,,,,,,,,,,,,,,,,,,,,,,,,,,,,,,,,,,,,,,,,,,,,,,,,,,,,,,,,,,,,,,,w,,,,,,,,,,,,,w,,,,,,,w,,,w,,,
,,,,,,,,,,,,,,,,,,,,,,,,,,,,,,,,,,,,,,,,,,,,,,,,,,,,,,,,,,,,,,,,,,,,,,,,,w,w,w,w,w,w,w,w,w,w,w,w,w,w,,,,,,,w,,,w,,,
,,,,,,,,,,,,,,,,,,,,,,,,,,,,,,,,,,,,,,,,,,,,,,,,,,,,,,,,,,,,,,,,,,,,,,,,,,,,,,,,,,,,,,,,,,,,,w,,,w,,,
,,,,,,,,,,,,,,,,,,,,,,,,,,,,,,,,,,,,,,,,,,,,,,,,,,,,,,,,,,,,,,,,,,,,,,,,,,,,,,,,,,,,,,,,,,,,,w,,,w,,,
,,,,,,,,,,,,,,,,,,,,,,,,,,,,,,,,,,,,,,,,,,,,,,,,,,,,,,,,,,,,,,,,,,,,,,,,,,,,,,,,,,,,,,,,,,,,,w,,,w,,,
,,,,,,,,,,,,,,,,,,,,,,,,,,,,,,,,,,,,,,,,,,,,,,,,,,,,,,,,,,,,,,,,,,,,,,,,,,,,,,,,w,w,w,w,w,w,w,w,w,w,,,,w,,,w,,,
,,,,,,,,,,,,,,,,,,,,,,,,,,,,,,,,,,,,,,,,,,,,,,,,,,,,,,,,,,,,,,,,,,,,,,,,,,,,,,,,w,,,,,,,,,w,,,,w,,,w,,,
,,,,,,,,,,,,,,,,,,,,,,,,,,,,,,,,,,,,,,,,,,,,,,,,,,,,,,,,,,,,,,,,,,,,,,,,,,,,,,,,w,,,,,,,,,w,,,,w,,,w,,,
,,,,,,,,,,,,,,,,,,,,,,,,,,,,,,,,,,,,,,,,,,,,,,,,,,,,,,,,,,,,,,,,,,,,,,,,,,,,,,,,w,,,,,,,,,w,w,w,w,w,,,w,,,
,,,,,,,,,,,,,,,,,,,,,,,,,,,,,,,,,,,,,,,,,,,,,,,,,,,,,,,,,,,,,,,,,,,,,,,,,,,,,,,,w,,,,,,,,,,,,,,,,w,,,
,,,,,,,,,,,,,,,,,,,,,,,,,,,,,,,,,,,,,,,,,,,,,,,,,,,,,,,,,,,,,,,,,,,,,,,,,,,,,,,,w,,,,,,,,,,,,,,,,w,,,
,,,,,,,,,,,,,,,,,,,,,,,,,,,,,,,,,,,,,,,,,,,,,,,,,,,,,,,,,,,,,,,,,,,,,,,,,,,,,,,,w,,,,,,,,,w,w,w,w,w,w,w,w,,,
,,,,,,,,,,,,,,,,,,,,,,,,,,,,,,,,,,,,,,,,,,,,,,,,,,,,,,,,,,,,,,,,,,,,,,,,,,,,,,,,w,,,,,,,,,w,,,,,,,,,,
,,,,,,,,,,,,,,,,,,,,,,,,,,,,,,,,,,,,,,,,,,,,,,,,,,,,,,,,,,,,,,,,,,,,,,,,,,,,,,,,w,,,,,,,,,w,,,,,,,,,,
,,,,,,,,,,,,,,,,,,,,,,,,,,,,,,,,,,,,,,,,,,,,,,,,,,,,,,,,,,,,,,,,,,,,,,,,,,,,,,,,w,w,w,w,w,w,w,w,w,w,,,,,,,,,,
|,,,,,,,,,,,,,,,,,,,,,,,,,,,,,,,,,,,,,,,,,,,,,,,,,,,,,,,,,,,,,,,,,,,,,,,,,,,,,,,,,,,,,,,,,,,,,,,,,,,
,,,,,,,,,,,,,,,,,,,,,,,,,,,,,,,,,,,,,,,,,,,,,,,,,,,,,,,,,,,,,,,,,,,,,,,,,,,,,,,,,,,,,,,,,,,,,,,,,,,
,,,,,,,,,,,,,,,,,,,,,,,,,,,,,,,,,,,,,,,,,,,,,,,,,,,,,,,,,,,,,,,,,,,,,,,,,,,,,,,,,,,,,,,,,,,,,,,,,,,
,,,,,,,,,,,,,,,,,,,,,,,w,w,w,w,w,w,w,w,w,w,w,w,w,w,w,w,w,w,w,w,w,w,w,w,,,,,,,,,,,,,,,,,,,,,,,,,,,,,,,,,,,,,,,,,,,,,,,,,,,,,
,,,,,,,,,,,,,,,,,,,,,,,w,,,,,,,,,,,,,,,,,,,,,,,w,,,,,,,,,,,,,,,,,,,,,,,,,,,,,,,,,,,,,,,,,,,,,,,,,,,,,
,,,,,,,,,,,,,,,,,,,,,,,w,,,,,,,,,,,,,,,,,,,,,,,w,,,,,,,,,,,,,,,,,,,,,,,,,,,,,,,,,,,,,,,,,,,,,,,,,,,,,
,,,,,,,,,,,,,,,,,,,,,,,w,,,w,w,w,w,w,w,w,w,w,w,w,w,w,w,w,w,w,w,,,w,,,,,,,,,,,,,,,,,,,,,,,,,,,,,,,,,,,,,,,,,,,,,,,,,,,,,
,,,,,,,,,,,,,,,,,,,,,,,w,,,w,,,,,,,,,,,,,,,,,w,,,w,,,,,,,,,,,,,,,,,,,,,,,,,,,,,,,,,,,,,,,,,,,,,,,,,,,,,
,,,,,,,,,,,,,,,,,,,,,,,w,,w,w,,,,,,,,,,,,,,,,,w,,,w,,,,,,,,,,,,,,,,,,,,,,,,,,,,,,,,,,,,,,,,,,,,,,,,,,,,,
,,,,,,,,,,,,,,,,,,,,,,,w,w,w,w,,,,,,,,,,,,,,,,,w,,,w,,,,,,,,,,,,,,,,,,,,,,,,,,,,,,,,,,,,,,,,,,,,,,,,,,,,,
w,w,w,w,w,w,w,w,w,w,,,,,,,,,,,w,w,w,w,,,w,w,w,w,,,,,,,,,,,w,w,w,w,,,w,w,w,w,,,,,,,,,,,,,,,,,,,,,,,,,,,,,,,,,,,,,,,,,,,,,,,,,,
w,,,,,,,,,w,,,,,,,,,,,w,,,,,,,,,w,,,,,,,,,,,w,,,,,,,,,w,,,,,,,,,,,,,,,,,,,,,,,,,,,,,,,,,,,,,,,,,,,,,,,,,,
w,,,,,,,,,w,,,,,,,,,,,w,,,,,,,,,w,,,,,,,,,,,w,,,,,,,,,w,,,,,,,,,,,,,,,,,,,,,,,,,,,,,,,,,,,,,,,,,,,,,,,,,,
w,,,,,,,,,w,w,w,w,w,w,w,w,w,w,w,w,,,,,,,,,w,,,,w,w,w,w,w,w,w,w,,,,,,,,,w,,,,,,,,,,,,,,,,,,,,,,,,,,,,,,,,,,,,,,,,,,,,,,,,,,
w,,,,w,w,,,,,w,,,,,,,,,,,,,,,,,,,w,,,,w,,,,,,,,,,,,,,,,w,,,,,,,,,,,,,,,,,,,,,,,,,,,,,,,,,,,,,,,,,,,,,,,,,,
w,,,w,w,w,w,,,,w,w,,,,,,,,,,,,,,,,,,w,,,,w,,,,,,,,,,,,,,,,w,,,,,,,,,,,,,,,,,,,,,,,,,,,,,,,,,,,,,,,,,,,,,,,,,,
w,,,,,w,,,,w,w,w,w,w,w,w,w,w,w,w,w,,,,,,,,,w,,,,w,,,w,w,w,w,w,,,,,,,,,w,,,,,,,,,,,,,,,,,,,,,,,,,,,,,,,,,,,,,,,,,,,,,,,,,,
w,,,,,,,,,w,,,,,,,,,,,w,,,,,,,,,w,,,,w,,,w,,,,w,,,,,,,,,w,,,,,,,,,,,,,,,,,,,,,,,,,,,,,,,,,,,,,,,,,,,,,,,,,,
w,,,,,,,,,w,,,,,,,,,,,w,,,,,,,,,w,,,,w,,w,w,,,,w,,,,,,,,,w,,,,,,,,,,,,,,,,,,,,,,,,,,,,,,,,,,,,,,,,,,,,,,,,,,
w,w,w,w,w,w,w,w,w,w,,,,,,,,,,,w,w,w,w,w,w,w,w,w,w,,,,w,w,w,w,,,,w,w,w,w,w,w,w,w,w,w,,,,,,,,,,,,,,,,,,,,,,,,,,,,,,,,,,,,,,,,,,,,,,,,,,
,,,,,,,,,,,,,,,,,,,,,,,,,,,,,,,,,w,,,w,,,,,,,,,,,,,,,,,,,,,,,,,,,,,,,,,,,,,,,,,,,,,,,,,,,,,,,,,,,,,,,
,,,,,,,,,,,,,,,,,,,,,,,,,,,,,,,,,w,,,w,,,,,,,,,,,,,,,,,,,,,,,,,,,,,,,,,,,,,,,,,,,,,,,,,,,,,,,,,,,,,,,
,,,,,,,,,,,,,,,,,,,,,,,,,,,,,,,,,w,,,w,,,,,,,,,,,,,,,,,,,,,,,,,,,,,,,,,,,,,,,,,,,,,,,,,,,,,,,,,,,,,,,
,,,,,,,,,,,,,,,,,,,,,,,,,,,,,,,,,w,,,w,,,,,,,w,w,w,w,w,w,w,w,w,w,w,w,w,w,w,w,w,w,w,w,w,w,w,w,,,,,,,,,,,,,,,,,,,,,,,,,,,,,,,,,
,,,,,,,,,,,,,,,,,,,,,,,,,,,,,,,,,w,,,w,,,,,,,w,,,,,,,,,,,,,,,,,,,,,,,w,,,,,,,,,,,,,,,,,,,,,,,,,,,,,,,,,
,,,,,,,,,,,,,,,,,,,,,,,,,,,,,,,,,w,,,w,,,,,,,w,,,,,,,,,,,,,,,,,,,,,,,w,,,,,,,,,,,,,,,,,,,,,,,,,,,,,,,,,
,,,,,,,,,,,,,,,,,,,,,,,,,,,,,,,,,w,,,w,,,,,,,w,,,w,w,w,w,w,w,w,w,w,w,w,w,w,w,w,w,w,w,,,w,,,,,,,,,,,,,,,,,,,,,,,,,,,,,,,,,
,,,,,,,,,,,,,,,,,,,,,,,,,,,,,,,,,w,,,w,,,,,,,w,,,w,,,,,,,,,,,,,,,,,w,,,w,,,,,,,,,,,,,,,,,,,,,,,,,,,,,,,,,
,,,,,,,,,,,,,,,,,,,,,,,,,,,,,,,,,w,,,w,,,,,,,w,,w,w,,,,,,,,,,,,,,,,,w,,,w,,,,,,,,,,,,,,,,,,,,,,,,,,,,,,,,,
,,,,,,,,,,,,,,,,,,,,,,,,,,,,,,,,,w,,,w,,,,,,,w,w,w,w,,,,,,,,,,,,,,,,,w,,,w,,,,,,,,,,,,,,,,,,,,,,,,,,,,,,,,,
,,,,,,,,,,,,,,,,,,,,,,,,,,,,,,,,,w,,,w,,,,w,w,w,w,,,w,w,w,w,,,,,,,,,,,w,w,w,w,,,w,w,w,w,,,,,,,,,,,,,,,,,,,,,,,,,,,,,,
,,,,,,,,,,,,,,,,,,,,,,,,,,,,,,,,,w,,,w,,,,w,,,,,,,,,w,,,,,,,,,,,w,,,,,,,,,w,,,,,,,,,,,,,,,,,,,,,,,,,,,,,,
,,,,,,,,,,,,,,,,,,,,,,,,,,,,,,,,,w,,,w,,,,w,,,,,,,,,w,,,,,,,,,,,w,,,,,,,,,w,,,,,,,,,,,,,,,,,,,,,,,,,,,,,,
,,,,,,,,,,,,,,,,,,,,,,,,,,,,,,,,,w,,,w,w,w,w,w,,,,,,,,,w,,,,w,w,w,w,w,w,w,w,,,,,,,,,w,,,,,,,,,,,,,,,,,,,,,,,,,,,,,,
,,,,,,,,,,,,,,,,,,,,,,,,,,,,,,,,,w,,,,,,,,,,,,,,,,w,,,,w,,,,,,,,,,,,,,,,w,,,,,,,,,,,,,,,,,,,,,,,,,,,,,,
,,,,,,,,,,,,,,,,,,,,,,,,,,,,,,,,,w,,,,,,,,,,,,,,,,w,,,,w,,,,,,,,,,,,,,,,w,,,,,,,,,,,,,,,,,,,,,,,,,,,,,,
,,,,,,,,,,,,,,,,,,,,,,,,,,,,,,,,,w,w,w,w,w,w,w,w,,,,,,,,,w,,,,w,,,w,w,w,w,w,,,,,,,,,w,,,,,,,,,,,,,,,,,,,,,,,,,,,,,,
,,,,,,,,,,,,,,,,,,,,,,,,,,,,,,,,,,,,,,,,w,,,,,,,,,w,,,,w,,,w,,,,w,,,,,,,,,w,,,,,,,,,,,,,,,,,,,,,,,,,,,,,,
,,,,,,,,,,,,,,,,,,,,,,,,,,,,,,,,,,,,,,,,w,,,,,,,,,w,,,,w,,,w,,,,w,,,,,,,,,w,,,,,,,,,,,,,,,,,,,,,,,,,,,,,,
,,,,,,,,,,,,,,,,,,,,,,,,,,,,,,,,,,,,,,,,w,w,w,w,w,w,w,w,w,w,,,,w,,,w,,,,w,w,w,w,,,w,w,w,w,,,,,,,,,,,,,,,,,,,,,,,,,,,,,,
,,,,,,,,,,,,,,,,,,,,,,,,,,,,,,,,,,,,,,,,,,,,,,,,,,,,,w,,,w,,,,,,,w,,,w,,,,,,,,,,,,,,,,,,,,,,,,,,,,,,,,,
,,,,,,,,,,,,,,,,,,,,,,,,,,,,,,,,,,,,,,,,,,,,,,,,,,,,,w,,,w,,,,,,,w,,,w,,,,,,,,,,,,,,,,,,,,,,,,,,,,,,,,,
,,,,,,,,,,,,,,,,,,,,,,,,,,,,,,,,,,,,,,,,,,,,,,,,,,,,,w,,,w,,,,,,,w,,,w,,,,,,,,,,,,,,,,,,,,,,,,,,,,,,,,,
,,,,,,,,,,,,,,,,,,,,,,,,,,,,,,,,,,,,,,,,,,,,,,,,,,,,,w,,,w,,,,,,,w,,,w,,,,,,,,,,,,,,,,,,,,,,,,,,,,,,,,,
,,,,,,,,,,,,,,,,,,,,,,,,,,,,,,,,,,,,,,,,,,,,,,,,,,,,,w,,,w,,,,,,,w,,,w,,,,,,,,,,,,,,,,,,,,,,,,,,,,,,,,,
,,,,,,,,,,,,,,,,,,,,,,,,,,,,,,,,,,,,,,,,,,,,,,,,,,,,,w,,,w,,,,,,,w,,,w,,,,,,,,,,,,,,,,,,,,,,,,,,,,,,,,,
,,,,,,,,,,,,,,,,,,,,,,,,,,,,,,,,,,,,,,,,,,,,,,,,,,,,,w,,,w,,,,,,,w,,,w,,,,,,,,,,,,,,,,,,,,,,,,,,,,,,,,,
,,,,,,,,,,,,,,,,,,,,,,,,,,,,,,,,,,,,,,,,,,,,,,,,,,,,,w,,,w,,,,,,,w,,,w,,,,,,,,,,,,,,,,,,,,,,,,,,,,,,,,,
,,,,,,,,,,,,,,,,,,,,,,,,,,,,,,,,,,,,,,,,,,,,,,,,,,,,,w,,,w,,,,,,,w,,w,w,,,,,,,,,,,,,,,,,,,,,,,,,,,,,,,,,
,,,,,,,,,,,,,,,,,,,,,,,,,,,,,,,,,,,,,,,,,,,,,,,,,,,,,w,,,w,,,,,,,w,w,w,w,,,,,,,,,,,,,,,,,,,,,,,,,,,,,,,,,
,,,,,,,,,,,,,,,,,,,,,,,,,,,,,,,,,,,,,,,,,,,,,,,,,,,,,w,,,w,,,,w,w,w,w,,,w,w,w,w,,,,,,,,,,,w,w,w,w,w,w,w,w,w,w,,,,,,,,,,
,,,,,,,,,,,,,,,,,,,,,,,,,,,,,,,,,,,,,,,,,,,,,,,,,,,,,w,,,w,,,,w,,,,,,,,,w,,,,,,,,,,,w,,,,,,,,,w,,,,,,,,,,
,,,,,,,,,,,,,,,,,,,,,,,,,,,,,,,,,,,,,,,,,,,,,,,,,,,,,w,,,w,,,,w,,,,,,,,,w,,,,,,,,,,,w,,,,,,,,,w,,,,,,,,,,
,,,,,,,,,,,,,,,,,,,,,,,,,,,,,,,,,,,,,,,,,,,,,,,,,,,,,w,,,w,,,,w,,,,,,,,,w,w,w,w,w,w,w,w,w,w,w,w,,,,,,,,,w,,,,,,,,,,
,,,,,,,,,,,,,,,,,,,,,,,,,,,,,,,,,,,,,,,,,,,,,,,,,,,,,w,,,w,,,,w,,,,w,w,,,,,w,,,,,,,,,,,,,,,,,,,w,,,,,,,,,,
,,,,,,,,,,,,,,,,,,,,,,,,,,,,,,,,,,,,,,,,,,,,,,,,,,,,,w,,,w,,,,w,,,w,w,w,w,,,,w,w,,,,,,,,,,,,,,,,,,w,,,,,,,,,,
,,,,,,,,,,,,,,,,,,,,,,,,,,,,,,,,,,,,,,,,,,,,,,,,,,,,,w,,,w,,,,w,,,,,w,,,,w,w,w,w,w,w,w,w,w,w,w,w,,,,,,,,,w,,,,,,,,,,
,,,,,,,,,,,,,,,,,,,,,,,,,,,,,,,,,,,,,,,,,,,,,,,,,,,,,w,,,w,,,,w,,,,,,,,,w,,,,,,,,,,,w,,,,,,,,,w,,,,,,,,,,
,,,,,,,,,,,,,,,,,,,,,,,,,,,,,,,,,,,,,,,,,,,,,,,,,,,,,w,,,w,,,,w,,,,,,,,,w,,,,,,,,,,,w,,,,,,,,,w,,,,,,,,,,
,,,,,,,,,,,,,,,,,,,,,,,,,,,,,,,,,,,,,,,,,,,,,,,,,,,,,w,,,w,,,,w,w,w,w,,,w,w,w,w,,,,,,,,,,,w,w,w,w,w,w,w,w,w,w,,,,,,,,,,
,,,,,,,,,,,,,,,,,,,,,,,,,,,,,,,,,,,,,,,,,,,,,,,,,,,,,w,,,w,,,,,,,w,,,w,,,,,,,,,,,,,,,,,,,,,,,,,,,,,,,,,
,,,,,,,,,,,,,,,,,,,,,,,,,,,,,,,,,,,,,,,,,,,,,,,,,,,,,w,,,w,,,,,,,w,,,w,,,,,,,,,,,,,,,,,,,,,,,,,,,,,,,,,
,,,,,,,,,,,,,,,,,,,,,,,,,,,,,,,,,,,,,,,,,,,,,,,,,,,,,w,,,w,,,,,,,w,,,w,,,,,,,,,,,,,,,,,,,,,,,,,,,,,,,,,
,,,,,,,,,,,,,,,,,,,,,,,,,,,,,,,,,w,w,w,w,w,w,w,w,w,w,w,w,w,w,w,w,w,w,w,w,w,,,w,,,,,,,w,,,w,,,,,,,,,,,,,,,,,,,,,,,,,,,,,,,,,
,,,,,,,,,,,,,,,,,,,,,,,,,,,,,,,,,w,,,,,,,,,,,,,,,,,,,,,,,w,,,,,,,w,,,w,,,,,,,,,,,,,,,,,,,,,,,,,,,,,,,,,
,,,,,,,,,,,,,,,,,,,,,,,,,,,,,,,,,w,,,,,,,,,,,,,,,,,,,,,,,w,,,,,,,w,,,w,,,,,,,,,,,,,,,,,,,,,,,,,,,,,,,,,
,,,,,,,,,,,,,,,,,,,,,,,,,,,,,,,,,w,,,w,w,w,w,w,w,w,w,w,w,w,w,w,w,w,w,w,w,w,w,w,,,,,,,w,,,w,,,,,,,,,,,,,,,,,,,,,,,,,,,,,,,,,
,,,,,,,,,,,,,,,,,,,,,,,,,,,,,,,,,w,,,w,,,,,,,,,,,,,,,,,,,,,,,,,,,w,,,w,,,,,,,,,,,,,,,,,,,,,,,,,,,,,,,,,
,,,,,,,,,,,,,,,,,,,,,,,,,,,,,,,,,w,,w,w,,,,,,,,,,,,,,,,,,,,,,,,,,,w,,w,w,,,,,,,,,,,,,,,,,,,,,,,,,,,,,,,,,
,,,,,,,,,,,,,,,,,,,,,,,,,,,,,,,,,w,w,w,w,,,,,,,,,,,,,,,,,,,,,,,,,,,w,w,w,w,,,,,,,,,,,,,,,,,,,,,,,,,,,,,,,,,
,,,,,,,,,,,,,,,,,,,,,,,,,,,,,,,,,w,,,w,,,,w,w,w,w,w,w,w,w,w,w,,,,,,,,,,,w,w,w,w,,,w,w,w,w,,,,,,,,,,,,,,,,,,,,,,,,,,,,,,
,,,,,,,,,,,,,,,,,,,,,,,,,,,,,,,,,w,,,w,,,,w,,,,,,,,,w,,,,,,,,,,,w,,,,,,,,,w,,,,,,,,,,,,,,,,,,,,,,,,,,,,,,
,,,,,,,,,,,,,,,,,,,,,,,,,,,,,,,,,w,,,w,,,,w,,,,,,,,,w,,,,,,,,,,,w,,,,,,,,,w,,,,,,,,,,,,,,,,,,,,,,,,,,,,,,
,,,,,,,,,,,,,,,,,,,,,,,,,,,,,,,,,w,,,w,,,,w,,,,,,,,,w,w,w,w,w,w,w,w,w,w,w,w,,,,,,,,,w,,,,,,,,,,,,,,,,,,,,,,,,,,,,,,
,,,,,,,,,,,,,,,,,,,,,,,,,,,,,,,,,w,,,w,,,,w,,,,,,,,,,w,,,,,,,,,,,,,,,,,,,w,,,,,,,,,,,,,,,,,,,,,,,,,,,,,,
,,,,,,,,,,,,,,,,,,,,,,,,,,,,,,,,,w,,,w,,,,w,,,,,,,,,,w,w,,,,,,,,,,,,,,,,,,w,,,,,,,,,,,,,,,,,,,,,,,,,,,,,,
,,,,,,,,,,,,,,,,,,,,,,,,,,,,,,,,,w,,,w,,,,w,,,,,,,,,w,w,w,w,w,w,w,w,w,w,w,w,,,,,,,,,w,,,,,,,,,,,,,,,,,,,,,,,,,,,,,,
,,,,,,,,,,,,,,,,,,,,,,,,,,,,,,,,,w,,,w,,,,w,,,,,,,,,w,,,,,,,,,,,w,,,,,,,,,w,,,,,,,,,,,,,,,,,,,,,,,,,,,,,,
,,,,,,,,,,,,,,,,,,,,,,,,,,,,,,,,,w,,,w,,,,w,,,,,,,,,w,,,,,,,,,,,w,,,,,,,,,w,,,,,,,,,,,,,,,,,,,,,,,,,,,,,,
,,,,,,,,,,,,,,,,,,,,,,,,,,,,,,,,,w,,,w,,,,w,w,w,w,w,w,w,w,w,w,,,,,,,,,,,w,w,w,w,,,w,w,w,w,,,,,,,,,,,,,,,,,,,,,,,,,,,,,,
,,,,,,,,,,,,,,,,,,,,,,,,,,,,,,,,,w,,,w,,,,,,,,,,,,,,,,,,,,,,,,,,,w,,,w,,,,,,,,,,,,,,,,,,,,,,,,,,,,,,,,,
,,,,,,,,,,,,,,,,,,,,,,,,,,,,,,,,,w,,,w,,,,,,,,,,,,,,,,,,,,,,,,,,,w,,,w,,,,,,,,,,,,,,,,,,,,,,,,,,,,,,,,,
,,,,,,,,,,,,,,,,,,,,,,,,,,,,,,,,,w,,,w,,,,,,,,,,,,,,,,,,,,,,,,,,,w,,,w,,,,,,,,,,,,,,,,,,,,,,,,,,,,,,,,,
,,,,,,,,,,,,,,,,,,,,,,,,,,,,,,,,,w,,,w,w,w,w,w,w,w,w,w,w,w,,,,,,,,,,,,,,,,,w,,,w,,,,,,,,,,,,,,,,,,,,,,,,,,,,,,,,,
,,,,,,,,,,,,,,,,,,,,,,,,,,,,,,,,,w,,,,,,,,,,,,,w,,,,,,,,,,,,,,,,,w,,,w,,,,,,,,,,,,,,,,,,,,,,,,,,,,,,,,,
,,,,,,,,,,,,,,,,,,,,,,,,,,,,,,,,,w,,,,,,,,,,,,,w,,,,,,,,,,,,,,,,,w,,,w,,,,,,,,,,,,,,,,,,,,,,,,,,,,,,,,,
,,,,,,,,,,,,,,,,,,,,,,,,,,,,,,,,,w,w,w,w,w,w,w,w,w,w,w,,,w,,,,,,,,,,,,,,,,,w,,,w,,,,,,,,,,,,,,,,,,,,,,,,,,,,,,,,,
,,,,,,,,,,,,,,,,,,,,,,,,,,,,,,,,,,,,,,,,,,,w,,,w,,,,,,,,,,,,,,,,,w,,,w,,,,,,,,,,,,,,,,,,,,,,,,,,,,,,,,,
,,,,,,,,,,,,,,,,,,,,,,,,,,,,,,,,,,,,,,,,,,,w,,,w,,,,,,,,,,,,,,,,,w,,w,w,,,,,,,,,,,,,,,,,,,,,,,,,,,,,,,,,
,,,,,,,,,,,,,,,,,,,,,,,,,,,,,,,,,,,,,,,,,,,w,,,w,,,,,,,,,,,,,,,,,w,w,w,w,,,,,,,,,,,,,,,,,,,,,,,,,,,,,,,,,
,,,,,,,,,,,,,,,,,,,,,,,,,,,,,,,,,,,,,,,,w,w,w,w,,,w,w,w,w,,,,,,,,,,,w,w,w,w,,,w,w,w,w,,,,,,,,,,,w,w,w,w,w,w,w,w,w,w,,,,,,,,,,
,,,,,,,,,,,,,,,,,,,,,,,,,,,,,,,,,,,,,,,,w,,,,,,,,,w,,,,,,,,,,,w,,,,,,,,,w,,,,,,,,,,,w,,,,,,,,,w,,,,,,,,,,
,,,,,,,,,,,,,,,,,,,,,,,,,,,,,,,,,,,,,,,,w,,,,,,,,,w,,,,,,,,,,,w,,,,,,,,,w,,,,,,,,,,,w,,,,,,,,,w,,,,,,,,,,
,,,,,,,,,,,,,,,,,,,,,,,,,,,,,,,,,w,w,w,w,w,w,w,w,,,,,,,,,w,,,,,,,,,,,w,,,,,,,,,w,w,w,w,w,w,w,w,w,w,w,w,,,,,,,,,w,,,,,,,,,,
,,,,,,,,,,,,,,,,,,,,,,,,,,,,,,,,,w,,,,,,,,,,,,,,,,w,,,,,,,,,,,w,,,,,,,,,,w,,,,,,,,,,,,,,,,,,,w,,,,,,,,,,
,,,,,,,,,,,,,,,,,,,,,,,,,,,,,,,,,w,,,,,,,,,,,,,,,,w,,,,,,,,,,,w,,,,,,,,,,w,w,,,,,,,,,,,,,,,,,,w,,,,,,,,,,
,,,,,,,,,,,,,,,,,,,,,,,,,,,,,,,,,w,,,w,w,w,w,w,,,,,,,,,w,,,,,,,,,,,w,,,,,,,,,w,w,w,w,w,w,w,w,w,w,w,w,,,,,,,,,w,,,,,,,,,,
,,,,,,,,,,,,,,,,,,,,,,,,,,,,,,,,,w,,,w,,,,w,,,,,,,,,w,,,,,,,,,,,w,,,,,,,,,w,,,,,,,,,,,w,,,,,,,,,w,,,,,,,,,,
,,,,,,,,,,,,,,,,,,,,,,,,,,,,,,,,,w,,,w,,,,w,,,,,,,,,w,,,,,,,,,,,w,,,,,,,,,w,,,,,,,,,,,w,,,,,,,,,w,,,,,,,,,,
,,,,,,,,,,,,,,,,,,,,,,,,,,,,,,,,,w,,,w,,,,w,w,w,w,,,w,w,w,w,,,,,,,,,,,w,w,w,w,,,w,w,w,w,,,,,,,,,,,w,w,w,w,,,w,w,w,w,,,,,,,,,,
,,,,,,,,,,,,,,,,,,,,,,,,,,,,,,,,,w,,,w,,,,,,,w,,,w,,,,,,,,,,,,,,,,,w,,,w,,,,,,,,,,,,,,,,,w,,,w,,,,,,,,,,,,,
,,,,,,,,,,,,,,,,,,,,,,,,,,,,,,,,,w,,,w,,,,,,,w,,,w,,,,,,,,,,,,,,,,,w,,,w,,,,,,,,,,,,,,,,,w,,,w,,,,,,,,,,,,,
,,,,,,,,,,,,,,,,,,,,,,,,,,,,,,,,,w,,,w,,,,,,,w,,,w,,,,,,,,,,,,,,,,,w,,,w,,,,,,,,,,,,,,,,,w,,,w,,,,,,,,,,,,,
,,,,,,,,,,,,,w,w,w,w,w,w,w,w,w,w,w,w,w,w,w,w,w,w,w,w,w,,,w,,,,,,,w,,,w,,,,,,,,,,,,,,,,,w,,,w,,,,,,,,,,,,,,,,,w,,,w,,,,,,,,,,,,,
,,,,,,,,,,,,,w,,,,,,,,,,,,,,,,,,,,,,,w,,,,,,,w,,,w,,,,,,,,,,,,,,,,,w,,,w,,,,,,,,,,,,,,,,,w,,,w,,,,,,,,,,,,,
,,,,,,,,,,,,,w,,,,,,,,,,,,,,,,,,,,,,,w,,,,,,,w,,,w,,,,,,,,,,,,,,,,,w,,,w,,,,,,,,,,,,,,,,,w,,,w,,,,,,,,,,,,,
,,,,,,,,,,,,,w,,,w,w,w,w,w,w,w,w,w,w,w,w,w,w,w,w,w,w,w,w,w,,,,,,,w,,,w,,,,,,,,,,,,,,,,,w,,,w,,,,,,,,,,,,,,,,,w,,,w,,,,,,,,,,,,,
,,,,,,,,,,,,,w,,,w,,,,,,,,,,,,,,,,,,,,,,,,,,,w,,,w,,,,,,,,,,,,,,,,,w,,,w,,,,,,,,,,,,,,,,,w,,,w,,,,,,,,,,,,,
,,,,,,,,,,,,,w,,w,w,,,,,,,,,,,,,,,,,,,,,,,,,,,w,,w,w,,,,,,,,,,,,,,,,,w,,w,w,,,,,,,,,,,,,,,,,w,,w,w,,,,,,,,,,,,,
,,,,,,,,,,,,,w,w,w,w,,,,,,,,,,,,,,,,,,,,,,,,,,,w,w,w,w,,,,,,,,,,,,,,,,,w,w,w,w,,,,,,,,,,,,,,,,,w,w,w,w,,,,,,,,,,,,,
,,,,,,,,,,,,,w,,,w,,,,w,w,w,w,w,w,w,w,w,w,,,,,,,,,,,w,w,w,w,,,w,w,w,w,,,,,,,,,,,w,w,w,w,,,w,w,w,w,,,,,,,,,,,w,w,w,w,,,w,w,w,w,,,,,,,,,,
,,,,,,,,,,,,,w,,,w,,,,w,,,,,,,,,w,,,,,,,,,,,w,,,,,,,,,w,,,,,,,,,,,w,,,,,,,,,w,,,,,,,,,,,w,,,,,,,,,w,,,,,,,,,,
,,,,,,,,,,,,,w,,,w,,,,w,,,,,,,,,w,,,,,,,,,,,w,,,,,,,,,w,,,,,,,,,,,w,,,,,,,,,w,,,,,,,,,,,w,,,,,,,,,w,,,,,,,,,,
,,,,,,,,,,,,,w,,,w,,,,w,,,,,,,,,w,w,w,w,w,w,w,w,w,w,w,w,,,,,,,,,w,w,w,w,w,w,w,w,w,w,w,w,,,,,,,,,w,w,w,w,w,w,w,w,w,w,w,w,,,,,,,,,w,,,,,,,,,,
,,,,,,,,,,,,,w,,,w,,,,w,,,,,,,,,,w,,,,,,,,,,,,,,,,,,,,w,,,,,,,,,,,,,,,,,,,,w,,,,,,,,,,,,,,,,,,,w,,,,,,,,,,
,,,,,,,,,,,,,w,,,w,,,,w,,,,,,,,,,w,w,,,,,,,,,,,,,,,,,,,w,w,,,,,,,,,,,,,,,,,,,w,w,,,,,,,,,,,,,,,,,,w,,,,,,,,,,
,,,,,,,,,,,,,w,,,w,,,,w,,,,,,,,,w,w,w,w,w,w,w,w,w,w,w,w,,,,,,,,,w,w,w,w,w,w,w,w,w,w,w,w,,,,,,,,,w,w,w,w,w,w,w,w,w,w,w,w,,,,,,,,,w,,,,,,,,,,
,,,,,,,,,,,,,w,,,w,,,,w,,,,,,,,,w,,,,,,,,,,,w,,,,,,,,,w,,,,,,,,,,,w,,,,,,,,,w,,,,,,,,,,,w,,,,,,,,,w,,,,,,,,,,
,,,,,,,,,,,,,w,,,w,,,,w,,,,,,,,,w,,,,,,,,,,,w,,,,,,,,,w,,,,,,,,,,,w,,,,,,,,,w,,,,,,,,,,,w,,,,,,,,,w,,,,,,,,,,
,,,,,,,,,,,,,w,,,w,,,,w,w,w,w,w,w,w,w,w,w,,,,,,,,,,,w,w,w,w,w,w,w,w,w,w,,,,,,,,,,,w,w,w,w,w,w,w,w,w,w,,,,,,,,,,,w,w,w,w,,,w,w,w,w,,,,,,,,,,
,,,,,,,,,,,,,w,,,w,,,,,,,,,,,,,,,,,,,,,,,,,,,,,,,,,,,,,,,,,,,,,,,,,,,,,,,,,,,,,,,,,,,w,,,w,,,,,,,,,,,,,
,,,,,,,,,,,,,w,,,w,,,,,,,,,,,,,,,,,,,,,,,,,,,,,,,,,,,,,,,,,,,,,,,,,,,,,,,,,,,,,,,,,,,w,,,w,,,,,,,,,,,,,
,,,,,,,,,,,,,w,,,w,,,,,,,,,,,,,,,,,,,,,,,,,,,,,,,,,,,,,,,,,,,,,,,,,,,,,,,,,,,,,,,,,,,w,,,w,,,,,,,,,,,,,
,,,,,,,,,,,,,w,,,w,w,w,w,w,w,w,w,w,w,w,w,w,w,w,w,w,w,w,w,w,w,w,w,w,w,w,w,w,w,w,w,w,w,w,w,w,w,w,w,w,w,w,w,w,w,w,w,w,w,w,w,w,w,w,w,w,w,w,w,w,,,,,,,w,,,w,,,,,,,,,,,,,
,,,,,,,,,,,,,w,,,,,,,,,,,,,,,,,,,,,,,,,,,,,,,,,,,,,,,,,,,,,,,,,,,,,,,,,,,,,,,w,,,,,,,w,,,w,,,,,,,,,,,,,
,,,,,,,,,,,,,w,,,,,,,,,,,,,,,,,,,,,,,,,,,,,,,,,,,,,,,,,,,,,,,,,,,,,,,,,,,,,,,w,,,,,,,w,,,w,,,,,,,,,,,,,
,,,,,,,,,,,,,w,w,w,w,w,w,w,w,w,w,w,w,w,w,w,w,w,w,w,w,w,w,w,w,w,w,w,w,w,w,w,w,w,w,w,w,w,w,w,w,w,w,w,w,w,w,w,w,w,w,w,w,w,w,w,w,w,w,w,w,w,,,w,,,,,,,w,,,w,,,,,,,,,,,,,
,,,,,,,,,,,,,,,,,,,,,,,,,,,,,,,,,,,,,,,,,,,,,,,,,,,,,,,,,,,,,,,,,,,,,,,,,w,,,w,,,,,,,w,,,w,,,,,,,,,,,,,
,,,,,,,,,,,,,,,,,,,,,,,,,,,,,,,,,,,,,,,,,,,,,,,,,,,,,,,,,,,,,,,,,,,,,,,,,w,,,w,,,,,,,w,,w,w,,,,,,,,,,,,,
,,,,,,,,,,,,,,,,,,,,,,,,,,,,,,,,,,,,,,,,,,,,,,,,,,,,,,,,,,,,,,,,,,,,,,,,,w,,,w,,,,,,,w,w,w,w,,,,,,,,,,,,,
,,,,,,,,,,,,,,,,,,,,,,,,,,,,,,,,,,,,,,,,,,,,,,,,,,,,,,,,,,,,,,,,,,,,,,,,,w,,,w,,,,w,w,w,w,,,w,w,w,w,,,,,,,,,,
,,,,,,,,,,,,,,,,,,,,,,,,,,,,,,,,,,,,,,,,,,,,,,,,,,,,,,,,,,,,,,,,,,,,,,,,,w,,,w,,,,w,,,,,,,,,w,,,,,,,,,,
,,,,,,,,,,,,,,,,,,,,,,,,,,,,,,,,,,,,,,,,,,,,,,,,,,,,,,,,,,,,,,,,,,,,,,,,,w,,,w,,,,w,,,,,,,,,w,,,,,,,,,,
,,,,,,,,,,,,,,,,,,,,,,,,,,,,,,,,,,,,,,,,,,,,,,,,,,,,,,,,,,,,,,,,,,,,,,,,,w,,,w,,,,w,,,,,,,,,w,w,w,w,w,w,w,w,,,
,,,,,,,,,,,,,,,,,,,,,,,,,,,,,,,,,,,,,,,,,,,,,,,,,,,,,,,,,,,,,,,,,,,,,,,,,w,,,w,,,,w,,,,w,w,,,,,w,,,,,,w,,,
,,,,,,,,,,,,,,,,,,,,,,,,,,,,,,,,,,,,,,,,,,,,,,,,,,,,,,,,,,,,,,,,,,,,,,,,,w,,,w,,,,w,,,w,w,w,w,,,,w,w,,,,,w,,,
,,,,,,,,,,,,,,,,,,,,,,,,,,,,,,,,,,,,,,,,,,,,,,,,,,,,,,,,,,,,,,,,,,,,,,,,,w,,,w,,,,w,,,,,w,,,,w,w,w,w,w,,,w,,,
,,,,,,,,,,,,,,,,,,,,,,,,,,,,,,,,,,,,,,,,,,,,,,,,,,,,,,,,,,,,,,,,,,,,,,,,,w,,,w,,,,w,,,,,,,,,w,,,,w,,,w,,,
,,,,,,,,,,,,,,,,,,,,,,,,,,,,,,,,,,,,,,,,,,,,,,,,,,,,,,,,,,,,,,,,,,,,,,,,,w,,,w,,,,w,,,,,,,,,w,,,,w,,,w,,,
,,,,,,,,,,,,,,,,,,,,,,,,,,,,,,,,,,,,,,,,,,,,,,,,,,,,,,,,,,,,,,,,,,,,,,,,,w,,,w,,,,w,w,w,w,,,w,w,w,w,,,,w,,,w,,,
,,,,,,,,,,,,,,,,,,,,,,,,,,,,,,,,,,,,,,,,,,,,,,,,,,,,,,,,,,,,,,,,,,,,,,,,,w,,,w,,,,,,,w,,,w,,,,,,,w,,,w,,,
,,,,,,,,,,,,,,,,,,,,,,,,,,,,,,,,,,,,,,,,,,,,,,,,,,,,,,,,,,,,,,,,,,,,,,,,,w,,,w,,,,,,,w,,,w,,,,,,,w,,,w,,,
,,,,,,,,,,,,,,,,,,,,,,,,,,,,,,,,,,,,,,,,,,,,,,,,,,,,,,,,,,,,,,,,,,,,,,,,,w,,,w,,,,,,,w,,,w,,,,,,,w,,,w,,,
,,,,,,,,,,,,,,,,,,,,,,,,,,,,,,,,,,,,,,,,,,,,,,,,,,,,,,,,,,,,,,,,,,,,,,,,,w,,,w,w,w,w,w,w,w,w,,,w,,,,,,,w,,,w,,,
,,,,,,,,,,,,,,,,,,,,,,,,,,,,,,,,,,,,,,,,,,,,,,,,,,,,,,,,,,,,,,,,,,,,,,,,,w,,,,,,,,,,,,,w,,,,,,,w,,,w,,,
,,,,,,,,,,,,,,,,,,,,,,,,,,,,,,,,,,,,,,,,,,,,,,,,,,,,,,,,,,,,,,,,,,,,,,,,,w,,,,,,,,,,,,,w,,,,,,,w,,,w,,,
,,,,,,,,,,,,,,,,,,,,,,,,,,,,,,,,,,,,,,,,,,,,,,,,,,,,,,,,,,,,,,,,,,,,,,,,,w,w,w,w,w,w,w,w,w,w,w,w,w,w,,,,,,,w,,,w,,,
,,,,,,,,,,,,,,,,,,,,,,,,,,,,,,,,,,,,,,,,,,,,,,,,,,,,,,,,,,,,,,,,,,,,,,,,,,,,,,,,,,,,,,,,,,,,,w,,,w,,,
,,,,,,,,,,,,,,,,,,,,,,,,,,,,,,,,,,,,,,,,,,,,,,,,,,,,,,,,,,,,,,,,,,,,,,,,,,,,,,,,,,,,,,,,,,,,,w,,,w,,,
,,,,,,,,,,,,,,,,,,,,,,,,,,,,,,,,,,,,,,,,,,,,,,,,,,,,,,,,,,,,,,,,,,,,,,,,,,,,,,,,,,,,,,,,,,,,,w,,,w,,,
,,,,,,,,,,,,,,,,,,,,,,,,,,,,,,,,,,,,,,,,,,,,,,,,,,,,,,,,,,,,,,,,,,,,,,,,,,,,,,,,w,w,w,w,w,w,w,w,w,w,,,,w,,,w,,,
,,,,,,,,,,,,,,,,,,,,,,,,,,,,,,,,,,,,,,,,,,,,,,,,,,,,,,,,,,,,,,,,,,,,,,,,,,,,,,,,w,,,,,,,,,w,,,,w,,,w,,,
,,,,,,,,,,,,,,,,,,,,,,,,,,,,,,,,,,,,,,,,,,,,,,,,,,,,,,,,,,,,,,,,,,,,,,,,,,,,,,,,w,,,,,,,,,w,,,,w,,,w,,,
,,,,,,,,,,,,,,,,,,,,,,,,,,,,,,,,,,,,,,,,,,,,,,,,,,,,,,,,,,,,,,,,,,,,,,,,,,,,,,,,w,,,,,,,,,w,w,w,w,w,,,w,,,
,,,,,,,,,,,,,,,,,,,,,,,,,,,,,,,,,,,,,,,,,,,,,,,,,,,,,,,,,,,,,,,,,,,,,,,,,,,,,,,,w,,,,,,,,,,,,,,,,w,,,
,,,,,,,,,,,,,,,,,,,,,,,,,,,,,,,,,,,,,,,,,,,,,,,,,,,,,,,,,,,,,,,,,,,,,,,,,,,,,,,,w,,,,,,,,,,,,,,,,w,,,
,,,,,,,,,,,,,,,,,,,,,,,,,,,,,,,,,,,,,,,,,,,,,,,,,,,,,,,,,,,,,,,,,,,,,,,,,,,,,,,,w,,,,,,,,,w,w,w,w,w,w,w,w,,,
,,,,,,,,,,,,,,,,,,,,,,,,,,,,,,,,,,,,,,,,,,,,,,,,,,,,,,,,,,,,,,,,,,,,,,,,,,,,,,,,w,,,,,,,,,w,,,,,,,,,,
,,,,,,,,,,,,,,,,,,,,,,,,,,,,,,,,,,,,,,,,,,,,,,,,,,,,,,,,,,,,,,,,,,,,,,,,,,,,,,,,w,,,,,,,,,w,,,,,,,,,,
,,,,,,,,,,,,,,,,,,,,,,,,,,,,,,,,,,,,,,,,,,,,,,,,,,,,,,,,,,,,,,,,,,,,,,,,,,,,,,,,w,w,w,w,w,w,w,w,w,w,,,,,,,,,,
